hn_count,hn_uptime,wait,test_per_slots,hn_to_juror,hn_to_hn,juror_to_juror,size_round,bps_per_node,mean_path,time_to_sync,disconnected,avg_degree,avg_degree_juror,min_degree_juror,max_degree_juror,avg_degree_non_juror
100,0.8,10,5,2,6,6,1106099904.0,24579.0,1.990587471600129,20.0,0.0,9.620000000000003,8.853932584269645,15.818181818181811,0.0,25.0
100,0.8,10,5,2,6,7,1085403648.0,24120.0,2.0249918857513767,30.0,0.0,9.440000000000024,8.831460674157286,14.36363636363634,0.0,25.0
100,0.8,10,5,2,6,8,1221079104.0,27135.0,1.9802012333657901,20.0,0.0,10.62,8.488888888888905,29.800000000000036,26.0,34.0
100,0.8,10,5,2,6,9,1294665792.0,28770.0,1.9833620195065946,20.0,0.0,11.259999999999993,9.933333333333309,23.20000000000001,0.0,33.0
100,0.8,10,5,2,6,10,1464835008.0,32551.0,1.9593691526329824,20.0,0.0,12.740000000000007,10.752808988764048,28.818181818181852,0.0,37.0
100,0.8,10,5,2,6,11,1237176192.0,27492.0,2.009697325888917,30.0,0.0,10.759999999999993,9.651685393258415,19.727272727272744,0.0,31.0
100,0.8,10,5,2,6,12,1083104064.0,24068.0,2.0519311911716964,30.0,0.0,9.41999999999999,8.550561797752827,16.454545454545478,0.0,31.0
100,0.8,10,5,2,7,6,1347556224.0,29945.0,1.9025316455696177,20.0,0.0,11.72000000000002,10.460674157303378,21.909090909090946,0.0,31.0
100,0.8,10,5,2,7,7,1441839168.0,32040.0,1.9173669467787129,20.0,0.0,12.539999999999981,11.92134831460673,17.54545454545452,0.0,31.0
100,0.8,10,5,2,7,8,1027914048.0,22842.0,1.9637826961770577,20.0,0.0,8.940000000000023,7.685393258426976,19.090909090909058,0.0,29.0
100,0.8,10,5,2,7,9,1529223360.0,33982.0,1.9061624649859914,20.0,0.0,13.299999999999976,11.584269662921322,27.18181818181816,0.0,37.0
100,0.8,10,5,2,7,10,1660299648.0,36895.0,1.9011746680286021,20.0,0.0,14.440000000000033,12.64044943820226,29.0,0.0,39.0
100,0.8,10,5,2,7,11,1324560384.0,29434.0,1.9272151898734158,20.0,0.0,11.519999999999989,10.044943820224718,23.45454545454548,0.0,34.0
100,0.8,10,5,2,7,12,1524624192.0,33880.0,1.9221288515406136,20.0,0.0,13.259999999999993,11.370786516853947,28.545454545454515,0.0,37.0
100,0.8,10,5,2,8,6,1276269120.0,28361.0,1.8987678987678955,20.0,0.0,11.100000000000007,11.588888888888881,6.700000000000005,0.0,20.0
100,0.8,10,5,2,8,7,1520025024.0,33778.0,1.8729202524383217,20.0,0.0,13.22000000000002,12.865168539325849,16.09090909090907,0.0,25.0
100,0.8,10,5,2,8,8,1306163712.0,29025.0,1.8759398496240562,20.0,0.0,11.36,10.595505617977544,17.54545454545452,0.0,28.0
100,0.8,10,5,2,8,9,1292366208.0,28719.0,1.8789473684210523,20.0,0.0,11.240000000000007,10.35955056179774,18.36363636363632,0.0,32.0
100,0.8,10,5,2,8,10,1209581184.0,26879.0,1.8987823439878204,20.0,0.0,10.519999999999989,9.808988764044926,16.272727272727256,0.0,29.0
100,0.8,10,5,2,8,11,1451037504.0,32245.0,1.8588078588078623,20.0,0.0,12.619999999999981,10.752808988764052,27.727272727272684,0.0,35.0
100,0.8,10,5,2,8,12,1669497984.0,37099.0,1.8568627450980364,20.0,0.0,14.519999999999984,12.775280898876415,28.636363636363637,0.0,36.0
100,0.8,10,5,2,9,6,1331459136.0,29587.0,1.838578304331727,20.0,0.0,11.580000000000005,11.179775280898868,14.818181818181815,0.0,24.0
100,0.8,10,5,2,9,7,1641902976.0,36486.0,1.8482501434308667,20.0,0.0,14.27999999999998,13.988764044943785,16.636363636363672,0.0,29.0
100,0.8,10,5,2,9,8,1572915456.0,34953.0,1.8367088607594981,20.0,0.0,13.68,12.370786516853947,24.272727272727288,0.0,35.0
100,0.8,10,5,2,9,9,1398147072.0,31069.0,1.8342342342342315,20.0,0.0,12.160000000000004,11.329670329670314,20.555555555555603,0.0,35.0
100,0.8,10,5,2,9,10,1437240000.0,31938.0,1.8352699931647296,20.0,0.0,12.500000000000002,12.134831460674151,15.45454545454548,0.0,29.0
100,0.8,10,5,2,9,11,1782177600.0,39603.0,1.8266106442577004,20.0,0.0,15.499999999999998,14.853932584269636,20.727272727272737,0.0,33.0
100,0.8,10,5,2,9,12,1455636672.0,32347.0,1.8301435406698578,20.0,0.0,12.660000000000007,12.000000000000002,18.59999999999997,0.0,30.0
100,0.8,10,5,2,10,6,1779878016.0,39552.0,1.7991568804576936,20.0,0.0,15.480000000000016,14.599999999999984,23.400000000000045,0.0,29.0
100,0.8,10,5,2,10,7,1743084672.0,38735.0,1.8075880758807628,20.0,0.0,15.16000000000002,14.573033707865154,19.90909090909094,0.0,34.0
100,0.8,10,5,2,10,8,1425742080.0,31683.0,1.8074581430745789,20.0,0.0,12.400000000000002,11.955056179775282,16.0,0.0,25.0
100,0.8,10,5,2,10,9,1499328768.0,33318.0,1.8105263157894738,20.0,0.0,13.039999999999981,12.820224719101132,14.818181818181815,0.0,30.0
100,0.8,10,5,2,10,10,1768380096.0,39297.0,1.8018518518518547,20.0,0.0,15.380000000000035,14.066666666666668,27.199999999999978,0.0,34.0
100,0.8,10,5,2,10,11,1598210880.0,35515.0,1.8004101161995911,20.0,0.0,13.900000000000013,13.62921348314605,16.09090909090907,0.0,30.0
100,0.8,10,5,2,10,12,1651101312.0,36691.0,1.8011988011988054,20.0,0.0,14.35999999999998,12.707865168539316,27.727272727272684,0.0,36.0
100,0.8,10,5,2,11,6,2025933504.0,45020.0,1.777871148459383,20.0,0.0,17.61999999999996,17.04494382022472,22.272727272727273,0.0,28.0
100,0.8,10,5,2,11,7,1538421696.0,34187.0,1.795675675675679,20.0,0.0,13.380000000000022,12.811111111111126,18.5,0.0,27.0
100,0.8,10,5,2,11,8,1724688000.0,38326.0,1.7795537795537755,20.0,0.0,15.000000000000002,15.466666666666681,10.79999999999998,0.0,24.0
100,0.8,10,5,2,11,9,1508527104.0,33522.0,1.7840375586854433,20.0,0.0,13.11999999999998,12.07865168539327,21.54545454545452,0.0,34.0
100,0.8,10,5,2,11,10,2053528512.0,45633.0,1.7687334704672335,20.0,0.0,17.859999999999964,16.52808988764043,28.636363636363637,0.0,38.0
100,0.8,10,5,2,11,11,1676396736.0,37253.0,1.7867395762132585,20.0,0.0,14.57999999999999,13.494382022471898,23.36363636363634,0.0,37.0
100,0.8,10,5,2,11,12,1982241408.0,44049.0,1.7831325301204786,20.0,0.0,17.240000000000006,16.41573033707867,23.90909090909095,0.0,36.0
100,0.8,10,5,2,12,6,1605109632.0,35669.0,1.7629375951293769,20.0,0.0,13.960000000000019,13.853932584269636,14.818181818181815,0.0,26.0
100,0.8,10,5,2,12,7,2058127680.0,45736.0,1.752785305630833,20.0,0.0,17.90000000000003,17.98876404494378,17.18181818181819,0.0,33.0
100,0.8,10,5,2,12,8,2097220608.0,46604.0,1.7631501616220957,20.0,0.0,18.240000000000006,17.75280898876401,22.181818181818183,0.0,32.0
100,0.8,10,5,2,12,9,2184604800.0,48546.0,1.751689685571555,20.0,0.0,19.000000000000004,17.488888888888873,32.599999999999945,26.0,38.0
100,0.8,10,5,2,12,10,2150111040.0,47780.0,1.757860711137229,20.0,0.0,18.70000000000003,17.677777777777752,27.90000000000005,0.0,39.0
100,0.8,10,5,2,12,11,2053528512.0,45633.0,1.7531645569620222,20.0,0.0,17.859999999999964,16.288888888888934,32.0,25.0,37.0
100,0.8,10,5,2,12,12,1984540992.0,44100.0,1.7581953911067858,20.0,0.0,17.259999999999994,15.932584269662966,28.0,0.0,34.0
100,0.8,10,5,2,13,6,2412263616.0,53605.0,1.7407110398289194,20.0,0.0,20.980000000000015,21.202247191011285,19.181818181818198,0.0,30.0
100,0.8,10,5,2,13,7,2113317696.0,46962.0,1.733544303797467,20.0,0.0,18.38000000000005,18.133333333333375,20.599999999999962,0.0,32.0
100,0.8,10,5,2,13,8,2060427264.0,45787.0,1.7458860759493657,20.0,0.0,17.920000000000023,18.337078651685427,14.54545454545452,0.0,26.0
100,0.8,10,5,2,13,9,1674097152.0,37202.0,1.7404426559356154,20.0,0.0,14.559999999999967,13.78651685393259,20.818181818181802,0.0,32.0
100,0.8,10,5,2,13,10,1713190080.0,38070.0,1.7394366197183073,20.0,0.0,14.900000000000018,14.831460674157308,15.45454545454548,0.0,28.0
100,0.8,10,5,2,13,11,2076524352.0,46144.0,1.7393703343070408,20.0,0.0,18.05999999999996,17.86516853932585,19.63636363636368,0.0,30.0
100,0.8,10,5,2,13,12,2092621440.0,46502.0,1.7452531645569627,20.0,0.0,18.20000000000003,17.244444444444472,26.80000000000002,0.0,36.0
100,0.8,10,5,2,14,6,2534141568.0,56314.0,1.7274965800273576,20.0,0.0,22.039999999999978,22.022471910112312,22.181818181818183,0.0,29.0
100,0.8,10,5,2,14,7,2288086080.0,50846.0,1.723456790123456,20.0,0.0,19.900000000000038,19.911111111111087,19.79999999999997,0.0,31.0
100,0.8,10,5,2,14,8,2501947392.0,55598.0,1.7240896358543412,20.0,0.0,21.760000000000005,21.730337078651697,22.000000000000004,0.0,33.0
100,0.8,10,5,2,14,9,2209900224.0,49108.0,1.7351851851851834,20.0,0.0,19.220000000000017,19.41573033707868,17.636363636363672,0.0,28.0
100,0.8,10,5,2,14,10,2423761536.0,53861.0,1.7243608580664125,20.0,0.0,21.079999999999973,20.68539325842698,24.272727272727295,0.0,36.0
100,0.8,10,5,2,14,11,2366271936.0,52583.0,1.724179464016859,20.0,0.0,20.579999999999973,20.68539325842698,19.727272727272744,0.0,32.0
100,0.8,10,5,2,14,12,2058127680.0,45736.0,1.7235133287764852,20.0,0.0,17.90000000000003,17.707865168539293,19.45454545454548,0.0,29.0
100,0.8,10,5,2,15,6,2370871104.0,52686.0,1.7132716049382746,20.0,0.0,20.619999999999944,20.799999999999972,19.0,0.0,30.0
100,0.8,10,5,2,15,7,2143212288.0,47626.0,1.7063157894736802,20.0,0.0,18.64000000000004,18.505617977528114,19.727272727272744,0.0,29.0
100,0.8,10,5,2,15,8,2593930752.0,57642.0,1.7125645438898425,20.0,0.0,22.55999999999996,22.25842696629211,25.0,0.0,34.0
100,0.8,10,5,2,15,9,2467453632.0,54832.0,1.7024691358024682,20.0,0.0,21.460000000000022,20.733333333333338,27.999999999999996,0.0,37.0
100,0.8,10,5,2,15,10,2239794816.0,49773.0,1.7072927072927084,20.0,0.0,19.480000000000015,20.348314606741543,12.454545454545473,0.0,29.0
100,0.8,10,5,2,15,11,2754901632.0,61220.0,1.7067031463748288,20.0,0.0,23.960000000000026,23.865168539325815,24.7272727272727,0.0,33.0
100,0.8,10,5,2,15,12,2161608960.0,48035.0,1.7170198222829824,20.0,0.0,18.79999999999997,19.134831460674153,16.090909090909076,0.0,31.0
100,0.8,10,5,2,16,6,2278887744.0,50641.0,1.693438140806563,20.0,0.0,19.819999999999983,20.07865168539324,17.727272727272744,0.0,26.0
100,0.8,10,5,2,16,7,2534141568.0,56314.0,1.6929012345678993,20.0,0.0,22.039999999999978,22.30337078651684,19.909090909090946,0.0,31.0
100,0.8,10,5,2,16,8,2582432832.0,57387.0,1.7015959048479388,20.0,0.0,22.460000000000033,22.67415730337078,20.727272727272737,0.0,30.0
100,0.8,10,5,2,16,9,2596230336.0,57694.0,1.6949713941583864,20.0,0.0,22.57999999999997,22.55056179775283,22.81818181818182,0.0,32.0
100,0.8,10,5,2,16,10,2775597888.0,61679.0,1.687607573149742,20.0,0.0,24.14000000000002,24.15730337078654,24.0,0.0,36.0
100,0.8,10,5,2,16,11,2308782336.0,51306.0,1.6856140350877218,20.0,0.0,20.079999999999973,20.157303370786565,19.45454545454548,0.0,29.0
100,0.8,10,5,2,16,12,2184604800.0,48546.0,1.6918918918918877,20.0,0.0,19.000000000000004,19.505617977528114,14.909090909090928,0.0,27.0
100,0.8,10,5,2,17,6,2488149888.0,55292.0,1.677322677322678,20.0,0.0,21.640000000000036,21.633333333333375,21.700000000000017,0.0,29.0
100,0.8,10,5,2,17,7,2472052800.0,54934.0,1.67865467865468,20.0,0.0,21.500000000000004,22.444444444444393,13.0,0.0,25.0
100,0.8,10,5,2,17,8,2639922432.0,58664.0,1.6845679012345705,20.0,0.0,22.960000000000022,22.247191011235987,28.72727272727268,25.0,33.0
100,0.8,10,5,2,17,9,2745703296.0,61015.0,1.686540198735318,20.0,0.0,23.88000000000006,23.01123595505622,30.909090909090956,24.0,39.0
100,0.8,10,5,2,17,10,2853783744.0,63417.0,1.6820452541874804,20.0,0.0,24.820000000000014,24.842696629213464,24.636363636363658,0.0,39.0
100,0.8,10,5,2,17,11,2345575680.0,52123.0,1.6763963963963981,20.0,0.0,20.400000000000034,20.24444444444448,21.799999999999983,0.0,33.0
100,0.8,10,5,2,17,12,2612327424.0,58051.0,1.6676403765011378,20.0,0.0,22.72,23.61111111111112,14.700000000000028,0.0,34.0
100,0.8,10,5,2,18,6,2975661696.0,66125.0,1.6695352839931172,20.0,0.0,25.880000000000063,25.955056179775237,25.2727272727273,16.0,31.0
100,0.8,10,5,2,18,7,2810091648.0,62446.0,1.6675925925925954,20.0,0.0,24.44000000000004,24.022222222222204,28.199999999999974,23.0,37.0
100,0.8,10,5,2,18,8,2842285824.0,63161.0,1.672086720867211,20.0,0.0,24.71999999999998,25.146067415730332,21.272727272727266,0.0,31.0
100,0.8,10,5,2,18,9,2959564608.0,65768.0,1.6661769027328819,20.0,0.0,25.73999999999996,26.056179775280892,23.18181818181818,0.0,33.0
100,0.8,10,5,2,18,10,2704310784.0,60095.0,1.6743670886075959,20.0,0.0,23.519999999999985,24.07865168539321,19.0,0.0,31.0
100,0.8,10,5,2,18,11,3113636736.0,69191.0,1.6733893557422994,20.0,0.0,27.07999999999996,26.82022471910113,29.181818181818144,0.0,39.0
100,0.8,10,5,2,18,12,3456274752.0,76806.0,1.664453524004084,20.0,0.0,30.059999999999956,30.155555555555562,29.199999999999967,0.0,36.0
100,0.8,10,5,2,19,6,3037750464.0,67505.0,1.6550102850426078,20.0,0.0,26.420000000000037,26.94382022471911,22.181818181818183,0.0,31.0
100,0.8,10,5,2,19,7,3053847552.0,67863.0,1.6452875639867535,20.0,0.0,26.55999999999996,27.62222222222225,17.000000000000004,0.0,28.0
100,0.8,10,5,2,19,8,3000957120.0,66687.0,1.650000000000003,20.0,0.0,26.099999999999955,26.23595505617976,25.000000000000004,0.0,32.0
100,0.8,10,5,2,19,9,2860682496.0,63570.0,1.6449204803635182,20.0,0.0,24.880000000000063,25.168539325842666,22.54545454545452,0.0,32.0
100,0.8,10,5,2,19,10,2902075008.0,64490.0,1.6569620253164579,20.0,0.0,25.239999999999963,24.910112359550563,27.90909090909095,0.0,37.0
100,0.8,10,5,2,19,11,3198721344.0,71082.0,1.6580608146873215,20.0,0.0,27.82000000000003,27.696629213483128,28.818181818181834,0.0,36.0
100,0.8,10,5,2,19,12,3067645056.0,68169.0,1.6501053899427884,20.0,0.0,26.67999999999998,26.471910112359595,28.363636363636363,0.0,37.0
100,0.8,10,5,2,20,6,3279206784.0,72871.0,1.6402753872633387,20.0,0.0,28.519999999999985,29.370786516853958,21.636363636363676,0.0,34.0
100,0.8,10,5,2,20,7,2757201216.0,61271.0,1.6387559808612457,20.0,0.0,23.980000000000015,24.38461538461539,19.88888888888891,0.0,31.0
100,0.8,10,5,2,20,8,2768699136.0,61526.0,1.634996582365005,20.0,0.0,24.079999999999963,24.505617977528072,20.636363636363686,0.0,30.0
100,0.8,10,5,2,20,9,2587032000.0,57489.0,1.6339421613394232,20.0,0.0,22.500000000000004,22.111111111111107,26.0,0.0,32.0
100,0.8,10,5,2,20,10,3205620096.0,71236.0,1.6353507979524229,20.0,0.0,27.880000000000067,27.842696629213563,28.181818181818148,0.0,36.0
100,0.8,10,5,2,20,11,2927370432.0,65052.0,1.6346986346986332,20.0,0.0,25.460000000000026,26.1348314606742,20.0,0.0,32.0
100,0.8,10,5,2,20,12,2839986240.0,63110.0,1.6281613123718415,20.0,0.0,24.699999999999996,25.411111111111076,18.29999999999997,0.0,29.0
100,0.8,10,5,2,21,6,3672435648.0,81609.0,1.6246992782678442,20.0,0.0,31.940000000000026,33.022471910112365,23.18181818181818,0.0,29.0
100,0.8,10,5,2,21,7,3189523008.0,70878.0,1.621604938271606,20.0,0.0,27.739999999999945,28.75280898876405,19.54545454545452,0.0,32.0
100,0.8,10,5,2,21,8,3442477248.0,76499.0,1.6299483648881223,20.0,0.0,29.940000000000044,29.844444444444438,30.80000000000004,27.0,35.0
100,0.8,10,5,2,21,9,2874480000.0,63877.0,1.6302118933697896,20.0,0.0,25.0,24.898876404494366,25.818181818181838,0.0,33.0
100,0.8,10,5,2,21,10,2803192896.0,62293.0,1.62306306306306,20.0,0.0,24.38000000000006,24.52808988764041,23.18181818181818,0.0,33.0
100,0.8,10,5,2,21,11,3145830912.0,69907.0,1.6202531645569622,20.0,0.0,27.36,27.88888888888885,22.59999999999996,0.0,34.0
100,0.8,10,5,2,21,12,3212518848.0,71389.0,1.6199367088607621,20.0,0.0,27.94000000000004,28.49438202247195,23.45454545454548,0.0,42.0
100,0.8,10,5,2,22,6,3125134656.0,69447.0,1.6134371957156761,20.0,0.0,27.17999999999998,28.28089887640452,18.272727272727256,0.0,29.0
100,0.8,10,5,2,22,7,3702330240.0,82274.0,1.5969592656339646,20.0,0.0,32.19999999999994,33.800000000000075,17.79999999999997,0.0,29.0
100,0.8,10,5,2,22,8,3488468928.0,77521.0,1.5913580246913566,20.0,0.0,30.34000000000003,32.55555555555562,10.399999999999986,0.0,26.0
100,0.8,10,5,2,22,9,3654038976.0,81200.0,1.6075731497418244,20.0,0.0,31.780000000000054,31.666666666666632,32.80000000000005,29.0,41.0
100,0.8,10,5,2,22,10,3642541056.0,80945.0,1.6055651176133099,20.0,0.0,31.67999999999997,33.14606741573029,19.818181818181802,0.0,31.0
100,0.8,10,5,2,22,11,3775916928.0,83909.0,1.6058823529411759,20.0,0.0,32.84000000000004,33.83333333333338,23.900000000000045,0.0,36.0
100,0.8,10,5,2,22,12,3557456448.0,79054.0,1.5997649133117853,20.0,0.0,30.940000000000044,31.311111111111128,27.59999999999995,0.0,37.0
100,0.8,10,5,2,23,6,3111337152.0,69140.0,1.6062884483937123,20.0,0.0,27.059999999999977,28.55056179775283,15.000000000000002,0.0,25.0
100,0.8,10,5,2,23,7,2568635328.0,57080.0,1.6100603621730414,20.0,0.0,22.33999999999998,22.85393258426965,18.181818181818198,0.0,26.0
100,0.8,10,5,2,23,8,3065345472.0,68118.0,1.5919298245614015,20.0,0.0,26.659999999999997,27.842696629213478,17.09090909090906,0.0,28.0
100,0.8,10,5,2,23,9,3106737984.0,69038.0,1.6049213943950806,20.0,0.0,27.019999999999985,27.764044943820252,21.0,0.0,32.0
100,0.8,10,5,2,23,10,3458574336.0,76857.0,1.5920886075949365,20.0,0.0,30.07999999999996,31.93258426966293,15.09090909090907,0.0,26.0
100,0.8,10,5,2,23,11,2899775424.0,64439.0,1.6027397260273981,20.0,0.0,25.21999999999998,25.03370786516856,26.727272727272695,0.0,32.0
100,0.8,10,5,2,23,12,3007855872.0,66841.0,1.5978378378378384,20.0,0.0,26.15999999999999,26.505617977528065,23.36363636363634,0.0,35.0
100,0.8,10,5,2,24,6,3564355200.0,79207.0,1.590740740740739,20.0,0.0,31.000000000000004,32.539325842696606,18.54545454545452,0.0,29.0
100,0.8,10,5,2,24,7,3518363520.0,78185.0,1.5813291139240533,20.0,0.0,30.599999999999945,32.166666666666636,16.5,0.0,29.0
100,0.8,10,5,2,24,8,3336696384.0,74148.0,1.5907425907425925,20.0,0.0,29.019999999999985,29.59550561797748,24.363636363636342,0.0,32.0
100,0.8,10,5,2,24,9,3929989056.0,87333.0,1.584050487664942,20.0,0.0,34.179999999999964,34.33333333333338,32.80000000000005,28.0,40.0
100,0.8,10,5,2,24,10,2830787904.0,62906.0,1.5903755868544627,20.0,0.0,24.619999999999937,25.41573033707863,18.181818181818198,0.0,30.0
100,0.8,10,5,2,24,11,3798912768.0,84420.0,1.5888921539817802,20.0,0.0,33.03999999999997,33.606741573033666,28.454545454545485,0.0,39.0
100,0.8,10,5,2,24,12,3674735232.0,81660.0,1.5937970490816042,20.0,0.0,31.960000000000026,32.921348314606796,24.181818181818173,0.0,33.0
100,0.8,10,5,2,25,6,3686233152.0,81916.0,1.5749999999999995,20.0,0.0,32.059999999999974,32.71111111111119,26.199999999999985,20.0,29.0
100,0.8,10,5,2,25,7,3585051456.0,79667.0,1.564102564102567,20.0,0.0,31.17999999999996,32.44444444444438,19.79999999999997,0.0,30.0
100,0.8,10,5,2,25,8,4288724160.0,95304.0,1.5776530339481405,20.0,0.0,37.30000000000006,38.22471910112369,29.818181818181856,26.0,34.0
100,0.8,10,5,2,25,9,3647140224.0,81047.0,1.5734177215189877,20.0,0.0,31.719999999999946,33.37078651685396,18.36363636363632,0.0,29.0
100,0.8,10,5,2,25,10,4113955776.0,91421.0,1.5631095811818714,20.0,0.0,35.78000000000008,37.13333333333324,23.599999999999955,0.0,36.0
100,0.8,10,5,2,25,11,4072563264.0,90501.0,1.579831932773109,20.0,0.0,35.420000000000044,35.66292134831464,33.45454545454549,27.0,39.0
100,0.8,10,5,2,25,12,3304502208.0,73433.0,1.5657657657657658,20.0,0.0,28.73999999999994,30.370786516853958,15.545454545454522,0.0,32.0
100,0.8,10,5,2,26,6,2934269184.0,65205.0,1.5661971830985915,20.0,0.0,25.519999999999985,26.528089887640398,17.363636363636328,0.0,26.0
100,0.8,10,5,2,26,7,4141550784.0,92034.0,1.5622489959839356,20.0,0.0,36.01999999999998,37.58426966292142,23.36363636363634,0.0,36.0
100,0.8,10,5,2,26,8,4148449536.0,92187.0,1.5659781985083214,20.0,0.0,36.079999999999956,37.85393258426974,21.72727272727273,0.0,32.0
100,0.8,10,5,2,26,9,3833406528.0,85186.0,1.551582278481012,20.0,0.0,33.34000000000004,35.02247191011237,19.727272727272744,0.0,31.0
100,0.8,10,5,2,26,10,3982879488.0,88508.0,1.552469135802471,20.0,0.0,34.63999999999998,35.93258426966301,24.181818181818173,0.0,34.0
100,0.8,10,5,2,26,11,3750621504.0,83347.0,1.5546900357026923,20.0,0.0,32.619999999999926,33.266666666666744,26.80000000000002,0.0,33.0
100,0.8,10,5,2,26,12,4309420416.0,95764.0,1.5557422969187662,20.0,0.0,37.48000000000001,38.56666666666661,27.699999999999974,0.0,40.0
100,0.8,10,5,3,6,6,1605109632.0,35669.0,1.8545843357391056,20.0,0.0,13.96000000000002,11.554347826086975,41.625,35.0,49.0
100,0.8,10,5,3,6,7,1483231680.0,32960.0,1.9211440791232257,20.0,0.0,12.900000000000007,11.292134831460674,25.909090909090956,0.0,36.0
100,0.8,10,5,3,6,8,1198083264.0,26624.0,1.9518987341772134,20.0,0.0,10.419999999999984,9.533333333333326,18.40000000000003,0.0,41.0
100,0.8,10,5,3,6,9,1554518784.0,34544.0,1.9086183310533535,20.0,0.0,13.519999999999987,11.067415730337066,33.36363636363638,0.0,42.0
100,0.8,10,5,3,6,10,1418843328.0,31529.0,1.9383753501400562,20.0,0.0,12.339999999999993,10.707865168539332,25.545454545454515,0.0,43.0
100,0.8,10,5,3,6,11,1267070784.0,28157.0,1.947151898734177,20.0,0.0,11.019999999999989,9.393258426966304,24.181818181818173,0.0,41.0
100,0.8,10,5,3,6,12,1292366208.0,28719.0,1.9189873417721517,20.0,0.0,11.240000000000007,9.505494505494516,28.777777777777818,0.0,42.0
100,0.8,10,5,3,7,6,1559117952.0,34647.0,1.8646012621916261,20.0,0.0,13.559999999999967,11.764044943820204,28.09090909090905,0.0,38.0
100,0.8,10,5,3,7,7,1425742080.0,31683.0,1.86854917234664,20.0,0.0,12.400000000000002,10.831460674157288,25.090909090909054,0.0,35.0
100,0.8,10,5,3,7,8,1425742080.0,31683.0,1.8561438561438586,20.0,0.0,12.400000000000002,10.595505617977544,27.0,0.0,38.0
100,0.8,10,5,3,7,9,1795975104.0,39910.0,1.845763164929165,20.0,0.0,15.619999999999964,12.788888888888868,41.09999999999994,35.0,51.0
100,0.8,10,5,3,7,10,1485531264.0,33011.0,1.875,20.0,0.0,12.920000000000005,11.438202247191025,24.909090909090946,0.0,39.0
100,0.8,10,5,3,7,11,1478632512.0,32858.0,1.8542680947744252,20.0,0.0,12.859999999999989,10.611111111111093,33.09999999999994,0.0,40.0
100,0.8,10,5,3,7,12,1446438336.0,32143.0,1.8611388611388617,20.0,0.0,12.579999999999998,10.011235955056208,33.36363636363638,0.0,44.0
100,0.8,10,5,3,8,6,1536122112.0,34136.0,1.8348101265822814,20.0,0.0,13.359999999999982,12.48314606741572,20.454545454545485,0.0,36.0
100,0.8,10,5,3,8,7,1478632512.0,32858.0,1.8263841421736153,20.0,0.0,12.859999999999987,10.977528089887633,28.09090909090905,0.0,36.0
100,0.8,10,5,3,8,8,1448737920.0,32194.0,1.8551448551448566,20.0,0.0,12.599999999999996,11.550561797752827,21.090909090909054,0.0,33.0
100,0.8,10,5,3,8,9,1292366208.0,28719.0,1.8341158059467937,20.0,0.0,11.240000000000007,10.247191011235948,19.272727272727256,0.0,33.0
100,0.8,10,5,3,8,10,1743084672.0,38735.0,1.8207464002350868,20.0,0.0,15.16000000000002,13.35955056179774,29.727272727272677,0.0,41.0
100,0.8,10,5,3,8,11,1890258048.0,42005.0,1.8251709986320153,20.0,0.0,16.440000000000037,14.15730337078654,34.90909090909096,0.0,49.0
100,0.8,10,5,3,8,12,1467134592.0,32602.0,1.8401598401598376,20.0,0.0,12.759999999999993,11.681318681318679,23.666666666666675,0.0,37.0
100,0.8,10,5,3,9,6,1660299648.0,36895.0,1.7955209347614411,20.0,0.0,14.440000000000033,13.311111111111126,24.599999999999955,0.0,36.0
100,0.8,10,5,3,9,7,1970743488.0,43794.0,1.7975376196990382,20.0,0.0,17.140000000000033,15.898876404494349,27.18181818181816,0.0,38.0
100,0.8,10,5,3,9,8,1869561792.0,41545.0,1.7898912724066995,20.0,0.0,16.259999999999994,14.51685393258428,30.36363636363637,0.0,41.0
100,0.8,10,5,3,9,9,1563717120.0,34749.0,1.8130477117818864,20.0,0.0,13.599999999999989,13.066666666666674,18.40000000000003,0.0,38.0
100,0.8,10,5,3,9,10,1227977856.0,27288.0,1.8442655935613717,20.0,0.0,10.67999999999998,10.325842696629229,13.545454545454522,0.0,30.0
100,0.8,10,5,3,9,11,1731586752.0,38479.0,1.807278481012655,20.0,0.0,15.059999999999963,13.404494382022456,28.454545454545485,0.0,39.0
100,0.8,10,5,3,9,12,2065026432.0,45889.0,1.797113071371288,20.0,0.0,17.960000000000022,15.775280898876412,35.63636363636361,0.0,47.0
100,0.8,10,5,3,10,6,1913253888.0,42516.0,1.783993115318416,20.0,0.0,16.640000000000033,16.17777777777776,20.799999999999972,0.0,39.0
100,0.8,10,5,3,10,7,2242094400.0,49824.0,1.7677638453500526,20.0,0.0,19.500000000000004,17.9450549450549,35.22222222222218,0.0,44.0
100,0.8,10,5,3,10,8,1984540992.0,44100.0,1.7754922127534505,20.0,0.0,17.259999999999994,15.561797752809008,31.0,0.0,38.0
100,0.8,10,5,3,10,9,2002937664.0,44509.0,1.7687443541102068,20.0,0.0,17.42000000000002,15.988764044943782,29.0,0.0,41.0
100,0.8,10,5,3,10,10,1940848896.0,43129.0,1.7790123456790097,20.0,0.0,16.88000000000004,15.000000000000002,33.800000000000054,0.0,48.0
100,0.8,10,5,3,10,11,2025933504.0,45020.0,1.7753872633390702,20.0,0.0,17.61999999999996,15.700000000000028,34.90000000000006,0.0,49.0
100,0.8,10,5,3,10,12,1441839168.0,32040.0,1.7805383022774306,20.0,0.0,12.539999999999981,11.35955056179774,22.090909090909054,0.0,36.0
100,0.8,10,5,3,11,6,1777578432.0,39501.0,1.7718273287893558,20.0,0.0,15.46000000000002,15.415730337078669,15.818181818181811,0.0,32.0
100,0.8,10,5,3,11,7,1791375936.0,39808.0,1.7587149692412831,20.0,0.0,15.579999999999984,14.48314606741572,24.45454545454548,0.0,33.0
100,0.8,10,5,3,11,8,1441839168.0,32040.0,1.7770623742454743,20.0,0.0,12.53999999999997,12.741573033707866,10.909090909090905,0.0,30.0
100,0.8,10,5,3,11,9,1848865536.0,41085.0,1.754272043745725,20.0,0.0,16.07999999999998,14.822222222222234,27.40000000000005,0.0,37.0
100,0.8,10,5,3,11,10,1812072192.0,40268.0,1.764235764235764,20.0,0.0,15.759999999999993,15.325842696629236,19.272727272727256,0.0,41.0
100,0.8,10,5,3,11,11,2140912704.0,47575.0,1.7476663655525426,20.0,0.0,18.619999999999955,16.911111111111094,34.0,0.0,45.0
100,0.8,10,5,3,11,12,2191503552.0,48700.0,1.7555938037865788,20.0,0.0,19.05999999999996,17.70786516853929,29.999999999999996,0.0,46.0
100,0.8,10,5,3,12,6,2391567360.0,53145.0,1.7330532212885148,20.0,0.0,20.799999999999972,19.39325842696626,32.18181818181815,25.0,37.0
100,0.8,10,5,3,12,7,2267389824.0,50386.0,1.7405230678812798,20.0,0.0,19.720000000000024,18.505494505494486,32.0,0.0,39.0
100,0.8,10,5,3,12,8,1977642240.0,43947.0,1.7458617332035056,20.0,0.0,17.20000000000003,16.629213483146046,21.81818181818181,0.0,35.0
100,0.8,10,5,3,12,9,2380069440.0,52890.0,1.7383753501400547,20.0,0.0,20.700000000000028,19.112359550561845,33.54545454545451,0.0,40.0
100,0.8,10,5,3,12,10,2025933504.0,45020.0,1.7419247419247457,20.0,0.0,17.61999999999996,15.707865168539302,33.09090909090904,0.0,40.0
100,0.8,10,5,3,12,11,1887958464.0,41954.0,1.7389473684210555,20.0,0.0,16.42000000000002,15.200000000000028,27.40000000000005,0.0,39.0
100,0.8,10,5,3,12,12,2111018112.0,46911.0,1.7410493827160538,20.0,0.0,18.35999999999996,18.067415730337125,20.727272727272737,0.0,40.0
100,0.8,10,5,3,13,6,1973043072.0,43845.0,1.7266666666666624,20.0,0.0,17.16000000000003,16.876404494382033,19.45454545454548,0.0,31.0
100,0.8,10,5,3,13,7,2575534080.0,57234.0,1.7201094391244858,20.0,0.0,22.40000000000004,21.44943820224718,30.09090909090904,0.0,37.0
100,0.8,10,5,3,13,8,2497348224.0,55496.0,1.717441193344807,20.0,0.0,21.720000000000006,19.966292134831505,35.90909090909096,29.0,44.0
100,0.8,10,5,3,13,9,2428360704.0,53963.0,1.7161328239788431,20.0,0.0,21.119999999999944,19.622222222222252,34.59999999999994,0.0,45.0
100,0.8,10,5,3,13,10,2653719936.0,58971.0,1.71655266757866,20.0,0.0,23.07999999999997,21.595505617977537,35.09090909090904,0.0,44.0
100,0.8,10,5,3,13,11,2127115200.0,47269.0,1.713333333333336,20.0,0.0,18.500000000000004,16.68539325842698,33.18181818181813,0.0,43.0
100,0.8,10,5,3,13,12,2359373184.0,52430.0,1.7160493827160506,20.0,0.0,20.519999999999985,18.786516853932607,34.54545454545451,0.0,45.0
100,0.8,10,5,3,14,6,2478951552.0,55087.0,1.7043059319482072,20.0,0.0,21.55999999999996,20.831460674157324,27.45454545454548,0.0,38.0
100,0.8,10,5,3,14,7,2370871104.0,52686.0,1.7056962025316431,20.0,0.0,20.619999999999944,19.640449438202264,28.545454545454515,0.0,38.0
100,0.8,10,5,3,14,8,1991439744.0,44254.0,1.7043378995433798,20.0,0.0,17.31999999999999,16.820224719101137,21.363636363636324,0.0,37.0
100,0.8,10,5,3,14,9,1984540992.0,44100.0,1.7126990003702351,20.0,0.0,17.259999999999994,17.07865168539325,18.727272727272744,0.0,32.0
100,0.8,10,5,3,14,10,2543339904.0,56518.0,1.7091237579042486,20.0,0.0,22.119999999999944,20.60674157303374,34.36363636363638,0.0,44.0
100,0.8,10,5,3,14,11,2711209536.0,60249.0,1.7030812324929938,20.0,0.0,23.57999999999997,22.87777777777775,29.900000000000055,0.0,45.0
100,0.8,10,5,3,14,12,2435259456.0,54116.0,1.7086419753086395,20.0,0.0,21.180000000000014,19.733333333333345,34.199999999999946,0.0,44.0
100,0.8,10,5,3,15,6,2803192896.0,62293.0,1.6885154061624623,20.0,0.0,24.38000000000006,24.415730337078642,24.09090909090905,0.0,38.0
100,0.8,10,5,3,15,7,2271988992.0,50488.0,1.6852631578947344,20.0,0.0,19.759999999999994,19.588888888888913,21.299999999999976,0.0,38.0
100,0.8,10,5,3,15,8,2674416192.0,59431.0,1.6935057302380279,20.0,0.0,23.26000000000002,22.269662921348303,31.272727272727334,0.0,41.0
100,0.8,10,5,3,15,9,2405364864.0,53452.0,1.6869796869796883,20.0,0.0,20.920000000000027,21.146067415730364,19.090909090909058,0.0,35.0
100,0.8,10,5,3,15,10,2405364864.0,53452.0,1.7018987341772145,20.0,0.0,20.920000000000027,20.700000000000028,22.90000000000004,0.0,35.0
100,0.8,10,5,3,15,11,2499647808.0,55547.0,1.6930379746835431,20.0,0.0,21.739999999999995,21.404494382022463,24.454545454545485,0.0,45.0
100,0.8,10,5,3,15,12,2297284416.0,51050.0,1.6877192982456117,20.0,0.0,19.980000000000015,18.898876404494345,28.72727272727268,0.0,42.0
100,0.8,10,5,3,16,6,2409964032.0,53554.0,1.6790840738209167,20.0,0.0,20.960000000000022,21.11235955056185,19.727272727272744,0.0,33.0
100,0.8,10,5,3,16,7,2568635328.0,57080.0,1.6863924050632884,20.0,0.0,22.339999999999986,22.384615384615405,21.888888888888896,0.0,37.0
100,0.8,10,5,3,16,8,2876779584.0,63928.0,1.677854274239818,20.0,0.0,25.019999999999985,24.69662921348314,27.63636363636364,0.0,41.0
100,0.8,10,5,3,16,9,2720407872.0,60453.0,1.6805555555555538,20.0,0.0,23.660000000000004,22.606741573033723,32.18181818181814,0.0,41.0
100,0.8,10,5,3,16,10,2598529920.0,57745.0,1.684810126582278,20.0,0.0,22.59999999999996,22.471910112359588,23.63636363636366,0.0,36.0
100,0.8,10,5,3,16,11,2338676928.0,51970.0,1.6731531531531518,20.0,0.0,20.339999999999964,19.39325842696626,28.0,0.0,39.0
100,0.8,10,5,3,16,12,2835387072.0,63008.0,1.674992653540993,20.0,0.0,24.660000000000004,24.811111111111128,23.299999999999997,0.0,40.0
100,0.8,10,5,3,17,6,2205301056.0,49006.0,1.6705790297339613,20.0,0.0,19.180000000000017,19.202247191011278,19.0,0.0,30.0
100,0.8,10,5,3,17,7,2396166528.0,53248.0,1.66306306306306,20.0,0.0,20.839999999999968,20.955056179775273,19.909090909090946,0.0,30.0
100,0.8,10,5,3,17,8,2720407872.0,60453.0,1.6549821486530336,20.0,0.0,23.660000000000004,23.777777777777814,22.59999999999996,0.0,38.0
100,0.8,10,5,3,17,9,2598529920.0,57745.0,1.6596736596736614,20.0,0.0,22.59999999999996,22.65934065934063,22.0,0.0,37.0
100,0.8,10,5,3,17,10,2582432832.0,57387.0,1.6706626706626677,20.0,0.0,22.460000000000022,22.876404494382022,19.090909090909058,0.0,34.0
100,0.8,10,5,3,17,11,3205620096.0,71236.0,1.658823529411763,20.0,0.0,27.880000000000067,27.55056179775283,30.545454545454515,0.0,44.0
100,0.8,10,5,3,17,12,2938868352.0,65308.0,1.6624510689551355,20.0,0.0,25.55999999999996,24.53932584269661,33.81818181818188,0.0,44.0
100,0.8,10,5,3,18,6,2577833664.0,57285.0,1.656527682843471,20.0,0.0,22.42000000000003,22.30337078651684,23.36363636363634,0.0,33.0
100,0.8,10,5,3,18,7,2623825344.0,58307.0,1.657211209842786,20.0,0.0,22.82,22.56666666666665,25.099999999999955,0.0,36.0
100,0.8,10,5,3,18,8,2467453632.0,54832.0,1.6373668188736676,20.0,0.0,21.460000000000022,21.056179775280935,24.7272727272727,0.0,41.0
100,0.8,10,5,3,18,9,3079142976.0,68425.0,1.6395663956639595,20.0,0.0,26.780000000000026,27.157303370786526,23.727272727272712,0.0,36.0
100,0.8,10,5,3,18,10,3196421760.0,71031.0,1.6494549627079769,20.0,0.0,27.800000000000026,27.59550561797749,29.454545454545485,0.0,42.0
100,0.8,10,5,3,18,11,2301883584.0,51152.0,1.6478873239436604,20.0,0.0,20.019999999999985,19.900000000000038,21.099999999999962,0.0,35.0
100,0.8,10,5,3,18,12,3293004288.0,73177.0,1.6518207282913147,20.0,0.0,28.639999999999997,27.92222222222228,35.09999999999994,0.0,43.0
100,0.8,10,5,3,19,6,2761800384.0,61373.0,1.6353383458646618,20.0,0.0,24.019999999999985,23.955555555555563,24.599999999999955,0.0,36.0
100,0.8,10,5,3,19,7,3419481408.0,75988.0,1.638030095759234,20.0,0.0,29.739999999999938,29.752808988764055,29.63636363636363,0.0,39.0
100,0.8,10,5,3,19,8,3226316352.0,71695.0,1.6423743755509859,20.0,0.0,28.05999999999996,28.75280898876405,22.45454545454548,0.0,35.0
100,0.8,10,5,3,19,9,3348194304.0,74404.0,1.6250367322950319,20.0,0.0,29.119999999999933,28.455555555555588,35.09999999999994,0.0,44.0
100,0.8,10,5,3,19,10,3361991808.0,74710.0,1.6351118760757317,20.0,0.0,29.239999999999945,27.92134831460677,39.90909090909096,32.0,45.0
100,0.8,10,5,3,19,11,2989459200.0,66432.0,1.6290165530671847,20.0,0.0,26.000000000000004,26.1348314606742,24.90909090909095,0.0,39.0
100,0.8,10,5,3,19,12,3035450880.0,67454.0,1.6438271604938277,20.0,0.0,26.40000000000005,26.07865168539321,29.0,0.0,41.0
100,0.8,10,5,3,20,6,3226316352.0,71695.0,1.6293285155073796,20.0,0.0,28.05999999999996,28.11235955056178,27.63636363636364,0.0,36.0
100,0.8,10,5,3,20,7,2741104128.0,60913.0,1.619819819819819,20.0,0.0,23.839999999999996,23.82022471910113,24.0,0.0,34.0
100,0.8,10,5,3,20,8,3184923840.0,70776.0,1.62006172839506,20.0,0.0,27.699999999999974,27.797752808988704,26.909090909090956,0.0,42.0
100,0.8,10,5,3,20,9,3341295552.0,74250.0,1.6190906353508003,20.0,0.0,29.059999999999956,29.03370786516858,29.272727272727323,0.0,40.0
100,0.8,10,5,3,20,10,3964482816.0,88099.0,1.6128702757916253,20.0,0.0,34.48000000000001,33.64044943820226,41.27272727272737,36.0,45.0
100,0.8,10,5,3,20,11,3060746304.0,68016.0,1.6047286047286033,20.0,0.0,26.620000000000022,26.510869565217444,27.875,0.0,43.0
100,0.8,10,5,3,20,12,3449376000.0,76652.0,1.6118131060828682,20.0,0.0,30.000000000000004,29.46067415730339,34.36363636363638,0.0,48.0
100,0.8,10,5,3,21,6,3389586816.0,75324.0,1.6073471845829572,20.0,0.0,29.480000000000008,30.146067415730304,24.09090909090905,0.0,36.0
100,0.8,10,5,3,21,7,2908973760.0,64643.0,1.6119298245614013,20.0,0.0,25.300000000000008,26.53932584269661,15.272727272727257,0.0,28.0
100,0.8,10,5,3,21,8,3433278912.0,76295.0,1.5981481481481439,20.0,0.0,29.86000000000001,30.662921348314626,23.36363636363634,0.0,38.0
100,0.8,10,5,3,21,9,2522643648.0,56058.0,1.6078674948240155,20.0,0.0,21.94000000000004,22.088888888888917,20.599999999999962,0.0,34.0
100,0.8,10,5,3,21,10,2476651968.0,55036.0,1.608281573498968,20.0,0.0,21.539999999999978,21.910112359550563,18.54545454545452,0.0,35.0
100,0.8,10,5,3,21,11,3453975168.0,76754.0,1.607949412827461,20.0,0.0,30.039999999999974,30.19101123595509,28.818181818181852,0.0,39.0
100,0.8,10,5,3,21,12,3283805952.0,72973.0,1.6088607594936684,20.0,0.0,28.55999999999996,28.066666666666638,33.0,0.0,43.0
100,0.8,10,5,3,22,6,3046948800.0,67709.0,1.5901754385964926,20.0,0.0,26.499999999999996,27.71910112359548,16.636363636363672,0.0,32.0
100,0.8,10,5,3,22,7,3350493888.0,74455.0,1.582278481012659,20.0,0.0,29.139999999999997,29.922222222222146,22.09999999999996,0.0,37.0
100,0.8,10,5,3,22,8,3513764352.0,78083.0,1.5922839506172857,20.0,0.0,30.559999999999977,30.855555555555508,27.90000000000005,0.0,41.0
100,0.8,10,5,3,22,9,3396485568.0,75477.0,1.5965189873417693,20.0,0.0,29.539999999999967,28.640449438202264,36.81818181818186,29.0,43.0
100,0.8,10,5,3,22,10,3916191552.0,87026.0,1.587955182072829,20.0,0.0,34.059999999999974,34.5730337078652,29.90909090909096,0.0,44.0
100,0.8,10,5,3,22,11,3251611776.0,72258.0,1.5937395937395962,20.0,0.0,28.280000000000037,28.764044943820252,24.363636363636342,0.0,37.0
100,0.8,10,5,3,22,12,3023952960.0,67198.0,1.605263157894739,20.0,0.0,26.30000000000002,24.887640449438145,37.72727272727264,32.0,44.0
100,0.8,10,5,3,23,6,3435578496.0,76346.0,1.593987341772152,20.0,0.0,29.880000000000067,30.269662921348303,26.727272727272695,0.0,41.0
100,0.8,10,5,3,23,7,3474671424.0,77214.0,1.5754625121713735,20.0,0.0,30.219999999999946,32.168539325842666,14.454545454545475,0.0,30.0
100,0.8,10,5,3,23,8,3155029248.0,70111.0,1.581052631578947,20.0,0.0,27.44000000000004,28.055555555555614,21.90000000000004,0.0,39.0
100,0.8,10,5,3,23,9,3021653376.0,67147.0,1.586449463161793,20.0,0.0,26.280000000000026,25.84269662921347,29.818181818181856,0.0,38.0
100,0.8,10,5,3,23,10,3226316352.0,71695.0,1.569122807017547,20.0,0.0,28.05999999999996,28.622222222222252,23.0,0.0,40.0
100,0.8,10,5,3,23,11,4120854528.0,91574.0,1.5731874145006848,20.0,0.0,35.84000000000004,36.377777777777744,31.0,0.0,43.0
100,0.8,10,5,3,23,12,3049248384.0,67761.0,1.5786745649759357,20.0,0.0,26.519999999999985,27.38202247191016,19.54545454545452,0.0,34.0
100,0.8,10,5,3,24,6,3683933568.0,81865.0,1.5756172839506173,20.0,0.0,32.03999999999997,32.1573033707865,31.09090909090904,18.0,38.0
100,0.8,10,5,3,24,7,3881697792.0,86259.0,1.5618789521228564,20.0,0.0,33.76000000000008,34.67415730337085,26.363636363636356,0.0,39.0
100,0.8,10,5,3,24,8,3978280320.0,88406.0,1.5609756097560987,20.0,0.0,34.59999999999994,34.233333333333256,37.90000000000006,32.0,42.0
100,0.8,10,5,3,24,9,3736824000.0,83040.0,1.5722222222222226,20.0,0.0,32.50000000000001,32.50561797752803,32.45454545454549,0.0,43.0
100,0.8,10,5,3,24,10,3925389888.0,87230.0,1.5585666967780778,20.0,0.0,34.13999999999998,35.25274725274722,22.888888888888886,0.0,39.0
100,0.8,10,5,3,24,11,2895176256.0,64337.0,1.5645875251509012,20.0,0.0,25.179999999999986,24.977528089887574,26.81818181818184,0.0,37.0
100,0.8,10,5,3,24,12,3578152704.0,79514.0,1.5591075591075592,20.0,0.0,31.119999999999926,31.325842696629167,29.454545454545485,0.0,40.0
100,0.8,10,5,3,25,6,4238133312.0,94180.0,1.5565826330532215,20.0,0.0,36.8600000000001,37.83146067415736,29.0,0.0,40.0
100,0.8,10,5,3,25,7,2957265024.0,65716.0,1.5569416498993953,20.0,0.0,25.719999999999978,25.37777777777775,28.800000000000026,0.0,36.0
100,0.8,10,5,3,25,8,3803511936.0,84522.0,1.5500000000000003,20.0,0.0,33.079999999999956,33.39325842696633,30.545454545454515,0.0,44.0
100,0.8,10,5,3,25,9,4458893376.0,99086.0,1.5533279871692087,20.0,0.0,38.780000000000086,39.37078651685396,34.0,0.0,42.0
100,0.8,10,5,3,25,10,4090959936.0,90910.0,1.540198735320689,20.0,0.0,35.579999999999956,36.2555555555555,29.499999999999996,0.0,44.0
100,0.8,10,5,3,25,11,3932288640.0,87384.0,1.5481481481481487,20.0,0.0,34.199999999999946,34.811111111111124,28.699999999999974,0.0,41.0
100,0.8,10,5,3,25,12,3674735232.0,81660.0,1.5517815517815479,20.0,0.0,31.960000000000033,32.4157303370786,28.272727272727316,0.0,40.0
100,0.8,10,5,3,26,6,4072563264.0,90501.0,1.5477265883769942,20.0,0.0,35.420000000000044,36.91011235955056,23.36363636363634,0.0,34.0
100,0.8,10,5,3,26,7,4488787968.0,99750.0,1.5471956224350236,20.0,0.0,39.03999999999997,40.13483146067426,30.18181818181814,0.0,43.0
100,0.8,10,5,3,26,8,3785115264.0,84113.0,1.5433300876338854,20.0,0.0,32.920000000000044,33.292134831460665,29.909090909090956,0.0,39.0
100,0.8,10,5,3,26,9,4065664512.0,90348.0,1.533641975308643,20.0,0.0,35.36000000000003,37.404494382022555,18.818181818181802,0.0,34.0
100,0.8,10,5,3,26,10,3932288640.0,87384.0,1.5481012658227846,20.0,0.0,34.199999999999925,34.910112359550574,28.454545454545485,0.0,45.0
100,0.8,10,5,3,26,11,4150749120.0,92238.0,1.5411020776874418,20.0,0.0,36.09999999999994,36.33333333333338,34.0,0.0,46.0
100,0.8,10,5,3,26,12,4102457856.0,91165.0,1.5385802469135796,20.0,0.0,35.67999999999994,37.58426966292142,20.272727272727256,0.0,38.0
100,0.8,10,5,4,6,6,1441839168.0,32040.0,1.8524691358024674,20.0,0.0,12.539999999999981,10.50561797752811,29.000000000000004,0.0,43.0
100,0.8,10,5,4,6,7,1379750400.0,30661.0,1.8851851851851813,20.0,0.0,12.0,10.25842696629215,26.090909090909044,0.0,41.0
100,0.8,10,5,4,6,8,1451037504.0,32245.0,1.8563291139240528,20.0,0.0,12.619999999999987,10.382022471910098,30.72727272727267,0.0,45.0
100,0.8,10,5,4,6,9,1221079104.0,27135.0,1.9243752028562178,20.0,0.0,10.62,9.573033707865186,19.090909090909058,0.0,39.0
100,0.8,10,5,4,6,10,1566016704.0,34800.0,1.8373456790123444,20.0,0.0,13.619999999999974,10.348314606741587,40.09090909090903,0.0,52.0
100,0.8,10,5,4,6,11,1821270528.0,40472.0,1.8297246725474485,20.0,0.0,15.839999999999977,11.910112359550565,47.63636363636365,39.0,57.0
100,0.8,10,5,4,6,12,1533822528.0,34084.0,1.8348101265822814,20.0,0.0,13.33999999999999,9.999999999999998,40.3636363636364,0.0,54.0
100,0.8,10,5,4,7,6,1506227520.0,33471.0,1.8208373904576454,20.0,0.0,13.099999999999993,11.179775280898868,28.636363636363637,0.0,40.0
100,0.8,10,5,4,7,7,1402746240.0,31172.0,1.796371714179933,20.0,0.0,12.200000000000022,9.791208791208783,36.55555555555563,0.0,47.0
100,0.8,10,5,4,7,8,1752283008.0,38939.0,1.8224089635854361,20.0,0.0,15.240000000000007,12.988764044943787,33.45454545454549,0.0,50.0
100,0.8,10,5,4,7,9,1388948736.0,30865.0,1.822702702702704,20.0,0.0,12.080000000000005,10.202247191011226,27.272727272727312,0.0,42.0
100,0.8,10,5,4,7,10,1614307968.0,35873.0,1.817721518987345,20.0,0.0,14.039999999999985,11.584269662921336,33.90909090909096,0.0,50.0
100,0.8,10,5,4,7,11,1846565952.0,41034.0,1.7990008815750784,20.0,0.0,16.059999999999963,12.337078651685395,46.181818181818116,41.0,51.0
100,0.8,10,5,4,7,12,1731586752.0,38479.0,1.8273597811217506,20.0,0.0,15.060000000000004,13.355555555555545,30.400000000000055,0.0,52.0
100,0.8,10,5,4,8,6,1961545152.0,43589.0,1.7939053728949519,20.0,0.0,17.059999999999963,15.314606741573021,31.18181818181814,0.0,45.0
100,0.8,10,5,4,8,7,1618907136.0,35975.0,1.8225308641975275,20.0,0.0,14.079999999999993,12.640449438202262,25.727272727272698,0.0,43.0
100,0.8,10,5,4,8,8,1710890496.0,38019.0,1.7967479674796707,20.0,0.0,14.880000000000031,13.355555555555588,28.59999999999995,0.0,45.0
100,0.8,10,5,4,8,9,1625805888.0,36128.0,1.83132530120482,20.0,0.0,14.140000000000022,13.449438202247173,19.727272727272744,0.0,43.0
100,0.8,10,5,4,8,10,1814371776.0,40319.0,1.790432098765431,20.0,0.0,15.779999999999987,13.483146067415726,34.36363636363638,0.0,48.0
100,0.8,10,5,4,8,11,1715489664.0,38121.0,1.7955209347614411,20.0,0.0,14.92000000000001,12.539325842696606,34.181818181818144,0.0,47.0
100,0.8,10,5,4,8,12,2051228928.0,45582.0,1.779480164158685,20.0,0.0,17.83999999999997,15.088888888888901,42.59999999999995,0.0,52.0
100,0.8,10,5,4,9,6,1835068032.0,40779.0,1.7901851307669674,20.0,0.0,15.960000000000022,15.056179775280931,23.272727272727284,0.0,43.0
100,0.8,10,5,4,9,7,1563717120.0,34749.0,1.7778600518326548,20.0,0.0,13.599999999999989,11.741573033707857,28.636363636363637,0.0,41.0
100,0.8,10,5,4,9,8,1809772608.0,40217.0,1.7633885102239537,20.0,0.0,15.740000000000004,13.866666666666642,32.599999999999945,0.0,45.0
100,0.8,10,5,4,9,9,2085722688.0,46349.0,1.7639127940332748,20.0,0.0,18.140000000000036,15.483146067415717,39.636363636363605,0.0,51.0
100,0.8,10,5,4,9,10,1690194240.0,37559.0,1.776491228070173,20.0,0.0,14.700000000000028,12.449438202247173,32.90909090909096,0.0,44.0
100,0.8,10,5,4,9,11,1835068032.0,40779.0,1.7756329113924028,20.0,0.0,15.960000000000022,13.888888888888907,34.59999999999994,0.0,47.0
100,0.8,10,5,4,9,12,1846565952.0,41034.0,1.7762658227848085,20.0,0.0,16.059999999999963,14.011111111111113,34.49999999999999,0.0,48.0
100,0.8,10,5,4,10,6,2062726848.0,45838.0,1.7534528357331771,20.0,0.0,17.940000000000005,16.775280898876414,27.36363636363636,0.0,44.0
100,0.8,10,5,4,10,7,1724688000.0,38326.0,1.7665755297334238,20.0,0.0,15.000000000000002,14.561797752809007,18.54545454545452,0.0,39.0
100,0.8,10,5,4,10,8,2274288576.0,50539.0,1.7573145245559068,20.0,0.0,19.779999999999976,19.078651685393243,25.454545454545485,0.0,43.0
100,0.8,10,5,4,10,9,2225997312.0,49466.0,1.7512605042016776,20.0,0.0,19.35999999999996,17.516853932584304,34.272727272727344,0.0,46.0
100,0.8,10,5,4,10,10,2104119360.0,46758.0,1.7413580246913538,20.0,0.0,18.29999999999997,15.989010989010977,41.666666666666615,0.0,51.0
100,0.8,10,5,4,10,11,1899456384.0,42210.0,1.7645061728395044,20.0,0.0,16.519999999999985,16.033707865168534,20.454545454545485,0.0,44.0
100,0.8,10,5,4,10,12,1973043072.0,43845.0,1.7474845829276235,20.0,0.0,17.160000000000018,15.011235955056215,34.54545454545451,0.0,49.0
100,0.8,10,5,4,11,6,2025933504.0,45020.0,1.744936708860761,20.0,0.0,17.61999999999996,17.14606741573037,21.45454545454548,0.0,41.0
100,0.8,10,5,4,11,7,1963844736.0,43640.0,1.7341079972658902,20.0,0.0,17.07999999999998,15.111111111111091,34.80000000000006,0.0,45.0
100,0.8,10,5,4,11,8,1722388416.0,38275.0,1.7412480974124844,20.0,0.0,14.980000000000013,13.700000000000024,26.499999999999996,0.0,42.0
100,0.8,10,5,4,11,9,2324879424.0,51663.0,1.7302380252718208,20.0,0.0,20.220000000000024,17.85393258426963,39.363636363636395,0.0,49.0
100,0.8,10,5,4,11,10,2140912704.0,47575.0,1.7322297955209363,20.0,0.0,18.61999999999995,16.71910112359548,34.00000000000001,0.0,47.0
100,0.8,10,5,4,11,11,2311081920.0,51357.0,1.7262872628726307,20.0,0.0,20.099999999999962,16.92134831460675,45.8181818181819,39.0,53.0
100,0.8,10,5,4,11,12,1570615872.0,34902.0,1.7365728900255726,20.0,0.0,13.660000000000014,12.333333333333332,25.59999999999995,0.0,44.0
100,0.8,10,5,4,12,6,2120216448.0,47115.0,1.7172827172827183,20.0,0.0,18.44000000000001,16.707865168539296,32.45454545454549,0.0,38.0
100,0.8,10,5,4,12,7,2035131840.0,45225.0,1.7177033492822966,20.0,0.0,17.70000000000003,16.696629213483163,25.818181818181838,0.0,41.0
100,0.8,10,5,4,12,8,2219098560.0,49313.0,1.7246913580246916,20.0,0.0,19.29999999999997,19.28089887640452,19.45454545454548,0.0,45.0
100,0.8,10,5,4,12,9,2552538240.0,56723.0,1.717086834733892,20.0,0.0,22.200000000000014,20.722222222222186,35.5,0.0,49.0
100,0.8,10,5,4,12,10,2150111040.0,47780.0,1.7125768967874244,20.0,0.0,18.70000000000003,16.43333333333334,39.09999999999994,0.0,50.0
100,0.8,10,5,4,12,11,2423761536.0,53861.0,1.7109304426377603,20.0,0.0,21.079999999999973,18.966666666666693,40.09999999999994,0.0,53.0
100,0.8,10,5,4,12,12,2400765696.0,53350.0,1.7269076305220878,20.0,0.0,20.880000000000056,19.786516853932607,29.727272727272677,0.0,44.0
100,0.8,10,5,4,13,6,2403065280.0,53401.0,1.697530864197528,20.0,0.0,20.900000000000038,18.85393258426963,37.45454545454549,30.0,51.0
100,0.8,10,5,4,13,7,2559436992.0,56876.0,1.7128851540616277,20.0,0.0,22.26000000000001,21.55056179775282,28.0,0.0,45.0
100,0.8,10,5,4,13,8,2315681088.0,51459.0,1.6973026973026972,20.0,0.0,20.140000000000043,18.101123595505655,36.636363636363605,0.0,46.0
100,0.8,10,5,4,13,9,2488149888.0,55292.0,1.697530864197528,20.0,0.0,21.640000000000036,19.674157303370762,37.54545454545451,0.0,47.0
100,0.8,10,5,4,13,10,2306482752.0,51255.0,1.714814814814815,20.0,0.0,20.05999999999996,20.573033707865132,15.909090909090933,0.0,38.0
100,0.8,10,5,4,13,11,3037750464.0,67505.0,1.6953524004085805,20.0,0.0,26.420000000000037,23.707865168539275,48.363636363636346,41.0,60.0
100,0.8,10,5,4,13,12,2644521600.0,58767.0,1.6993689041881823,20.0,0.0,22.999999999999996,21.505617977528104,35.09090909090904,0.0,48.0
100,0.8,10,5,4,14,6,2373170688.0,52737.0,1.700316455696199,20.0,0.0,20.640000000000047,21.089887640449437,17.0,0.0,35.0
100,0.8,10,5,4,14,7,2497348224.0,55496.0,1.699488105992173,20.0,0.0,21.720000000000006,21.595505617977533,22.72727272727272,0.0,40.0
100,0.8,10,5,4,14,8,2623825344.0,58307.0,1.6820987654321007,20.0,0.0,22.82,20.5168539325843,41.454545454545475,30.0,51.0
100,0.8,10,5,4,14,9,2633023680.0,58511.0,1.6856368563685649,20.0,0.0,22.90000000000005,21.573033707865143,33.63636363636362,0.0,47.0
100,0.8,10,5,4,14,10,2750302464.0,61117.0,1.682632970908023,20.0,0.0,23.920000000000037,21.876404494382033,40.45454545454549,0.0,49.0
100,0.8,10,5,4,14,11,2872180416.0,63826.0,1.682633053221289,20.0,0.0,24.980000000000015,22.422222222222235,48.0,46.0,51.0
100,0.8,10,5,4,14,12,2892876672.0,64286.0,1.6924760601915212,20.0,0.0,25.160000000000004,23.146067415730343,41.454545454545475,0.0,50.0
100,0.8,10,5,4,15,6,2823889152.0,62753.0,1.6752725186460113,20.0,0.0,24.55999999999996,24.325842696629206,26.454545454545485,0.0,43.0
100,0.8,10,5,4,15,7,2439858624.0,54219.0,1.6809856809856831,20.0,0.0,21.220000000000013,22.033707865168513,14.636363636363662,0.0,36.0
100,0.8,10,5,4,15,8,2605428672.0,57898.0,1.666991236611492,20.0,0.0,22.660000000000018,21.522222222222187,32.900000000000055,0.0,47.0
100,0.8,10,5,4,15,9,2216798976.0,49262.0,1.6797482413920763,20.0,0.0,19.279999999999983,18.433333333333348,26.90000000000005,0.0,41.0
100,0.8,10,5,4,15,10,2541040320.0,56467.0,1.6706626706626677,20.0,0.0,22.09999999999996,21.202247191011285,29.36363636363637,0.0,45.0
100,0.8,10,5,4,15,11,2492749056.0,55394.0,1.6789876789876808,20.0,0.0,21.68000000000001,20.98888888888887,27.90000000000005,0.0,45.0
100,0.8,10,5,4,15,12,2780197056.0,61782.0,1.6657407407407425,20.0,0.0,24.179999999999993,22.37777777777775,40.40000000000006,0.0,51.0
100,0.8,10,5,4,16,6,2518044480.0,55956.0,1.650877192982452,20.0,0.0,21.90000000000004,19.93406593406597,41.77777777777781,38.0,47.0
100,0.8,10,5,4,16,7,3205620096.0,71236.0,1.652530779753761,20.0,0.0,27.87999999999998,26.04444444444442,44.40000000000003,39.0,52.0
100,0.8,10,5,4,16,8,2311081920.0,51357.0,1.6638282117734198,20.0,0.0,20.099999999999962,19.80898876404491,22.45454545454548,0.0,43.0
100,0.8,10,5,4,16,9,2688213696.0,59738.0,1.6614735475494937,20.0,0.0,23.38000000000006,22.2247191011236,32.72727272727266,0.0,45.0
100,0.8,10,5,4,16,10,3056147136.0,67914.0,1.6566265060240932,20.0,0.0,26.579999999999963,25.577777777777737,35.59999999999994,0.0,51.0
100,0.8,10,5,4,16,11,2764099968.0,61424.0,1.6566049983771516,20.0,0.0,24.039999999999978,21.483146067415706,44.727272727272656,42.0,49.0
100,0.8,10,5,4,16,12,3230915520.0,71798.0,1.6607858861267066,20.0,0.0,28.09999999999995,27.68539325842692,31.454545454545485,0.0,52.0
100,0.8,10,5,4,17,6,2812391232.0,62497.0,1.6439467705290525,20.0,0.0,24.460000000000026,23.791208791208803,31.222222222222182,0.0,45.0
100,0.8,10,5,4,17,7,3132033408.0,69600.0,1.6426682339112526,20.0,0.0,27.23999999999995,26.23595505617976,35.36363636363639,0.0,44.0
100,0.8,10,5,4,17,8,2927370432.0,65052.0,1.646604938271604,20.0,0.0,25.460000000000026,24.14606741573034,36.09090909090904,0.0,44.0
100,0.8,10,5,4,17,9,2844585408.0,63212.0,1.6397273612463459,20.0,0.0,24.739999999999966,24.280898876404525,28.454545454545485,0.0,44.0
100,0.8,10,5,4,17,10,3614946048.0,80332.0,1.6373850868232873,20.0,0.0,31.440000000000044,30.24175824175832,43.55555555555563,0.0,60.0
100,0.8,10,5,4,17,11,2405364864.0,53452.0,1.6415525114155225,20.0,0.0,20.920000000000027,21.595505617977533,15.45454545454548,0.0,38.0
100,0.8,10,5,4,17,12,3256210944.0,72360.0,1.6467787114845944,20.0,0.0,28.320000000000032,27.314606741573076,36.45454545454549,0.0,48.0
100,0.8,10,5,4,18,6,2904374592.0,64541.0,1.6293411230120107,20.0,0.0,25.260000000000037,24.910112359550563,28.09090909090905,0.0,39.0
100,0.8,10,5,4,18,7,2982560448.0,66279.0,1.6316455696202496,20.0,0.0,25.94000000000004,25.269662921348303,31.363636363636374,0.0,47.0
100,0.8,10,5,4,18,8,2605428672.0,57898.0,1.6227323213624607,20.0,0.0,22.660000000000018,22.277777777777814,26.099999999999955,0.0,45.0
100,0.8,10,5,4,18,9,2191503552.0,48700.0,1.6410912190963334,20.0,0.0,19.05999999999996,18.370786516853954,24.636363636363658,0.0,38.0
100,0.8,10,5,4,18,10,3378088896.0,75068.0,1.6277310924369774,20.0,0.0,29.380000000000067,29.266666666666723,30.400000000000055,0.0,48.0
100,0.8,10,5,4,18,11,2157009792.0,47933.0,1.6236996834011763,20.0,0.0,18.759999999999994,17.533333333333317,29.800000000000036,0.0,43.0
100,0.8,10,5,4,18,12,3191822592.0,70929.0,1.6293285155073796,20.0,0.0,27.759999999999927,27.44943820224717,30.27272727272733,0.0,53.0
100,0.8,10,5,4,19,6,3417181824.0,75937.0,1.6161790017211701,20.0,0.0,29.719999999999946,31.10112359550566,18.54545454545452,0.0,37.0
100,0.8,10,5,4,19,7,3382688064.0,75170.0,1.6216293746414265,20.0,0.0,29.42000000000004,29.662921348314622,27.45454545454548,0.0,41.0
100,0.8,10,5,4,19,8,2835387072.0,63008.0,1.6182456140350892,20.0,0.0,24.66,23.87640449438204,31.000000000000004,0.0,48.0
100,0.8,10,5,4,19,9,3401084736.0,75579.0,1.613870114604763,20.0,0.0,29.579999999999963,28.42696629213482,38.90909090909096,0.0,50.0
100,0.8,10,5,4,19,10,2994058368.0,66534.0,1.6137196137196121,20.0,0.0,26.039999999999974,25.7666666666667,28.5,0.0,45.0
100,0.8,10,5,4,19,11,3380388480.0,75119.0,1.6130683529057512,20.0,0.0,29.400000000000055,28.67415730337082,35.272727272727344,0.0,48.0
100,0.8,10,5,4,19,12,2998657536.0,66636.0,1.6127206127206102,20.0,0.0,26.079999999999963,25.775280898876368,28.545454545454515,0.0,44.0
100,0.8,10,5,4,20,6,3741423168.0,83142.0,1.6027359781121766,20.0,0.0,32.53999999999997,32.730337078651694,31.0,0.0,46.0
100,0.8,10,5,4,20,7,3550557696.0,78901.0,1.596532471348809,20.0,0.0,30.880000000000067,31.188888888888872,28.09999999999995,0.0,46.0
100,0.8,10,5,4,20,8,2902075008.0,64490.0,1.5978378378378384,20.0,0.0,25.239999999999963,24.57303370786516,30.636363636363626,0.0,49.0
100,0.8,10,5,4,20,9,3212518848.0,71389.0,1.6030509574813407,20.0,0.0,27.94000000000004,27.95505617977522,27.81818181818185,0.0,46.0
100,0.8,10,5,4,20,10,3488468928.0,77521.0,1.6059359388774601,20.0,0.0,30.34000000000003,30.415730337078607,29.727272727272677,0.0,51.0
100,0.8,10,5,4,20,11,3136632576.0,69702.0,1.6111652061019126,20.0,0.0,27.280000000000033,28.28089887640452,19.18181818181823,0.0,38.0
100,0.8,10,5,4,20,12,3276907200.0,72820.0,1.5916910094125285,20.0,0.0,28.500000000000004,27.822222222222212,34.59999999999994,0.0,46.0
100,0.8,10,5,4,21,6,3242413440.0,72053.0,1.585747585747584,20.0,0.0,28.199999999999974,28.59999999999995,24.599999999999955,0.0,39.0
100,0.8,10,5,4,21,7,3076843392.0,68374.0,1.572972972972972,20.0,0.0,26.760000000000044,25.576086956521703,40.375,0.0,52.0
100,0.8,10,5,4,21,8,3667836480.0,81507.0,1.5847781369379954,20.0,0.0,31.900000000000055,30.629213483146042,42.18181818181811,35.0,48.0
100,0.8,10,5,4,21,9,3532161024.0,78492.0,1.5876543209876561,20.0,0.0,30.71999999999995,29.797752808988704,38.181818181818116,0.0,50.0
100,0.8,10,5,4,21,10,2819289984.0,62650.0,1.576291079812205,20.0,0.0,24.519999999999985,24.766666666666694,22.299999999999986,0.0,42.0
100,0.8,10,5,4,21,11,3442477248.0,76499.0,1.5879746835443032,20.0,0.0,29.94000000000004,29.280898876404525,35.272727272727344,0.0,54.0
100,0.8,10,5,4,21,12,3270008448.0,72666.0,1.5884115884115884,20.0,0.0,28.440000000000023,27.741573033707905,34.09090909090904,0.0,48.0
100,0.8,10,5,4,22,6,3844904448.0,85442.0,1.581468732071141,20.0,0.0,33.440000000000026,33.38202247191017,33.90909090909096,0.0,44.0
100,0.8,10,5,4,22,7,3575853120.0,79463.0,1.5790123456790155,20.0,0.0,31.099999999999945,31.65168539325847,26.636363636363644,0.0,45.0
100,0.8,10,5,4,22,8,3658638144.0,81303.0,1.5781391147244792,20.0,0.0,31.820000000000046,31.786516853932543,32.090909090909044,0.0,45.0
100,0.8,10,5,4,22,9,3412582656.0,75835.0,1.5754625121713735,20.0,0.0,29.679999999999964,29.86516853932578,28.181818181818148,0.0,44.0
100,0.8,10,5,4,22,10,3318299712.0,73739.0,1.5645614035087738,20.0,0.0,28.860000000000003,27.766666666666715,38.69999999999993,0.0,49.0
100,0.8,10,5,4,22,11,3580452288.0,79565.0,1.5708860759493657,20.0,0.0,31.139999999999986,30.788888888888813,34.300000000000054,0.0,48.0
100,0.8,10,5,4,22,12,3762119424.0,83602.0,1.5709123757904246,20.0,0.0,32.719999999999935,33.066666666666634,29.599999999999945,0.0,50.0
100,0.8,10,5,4,23,6,3895495296.0,86566.0,1.556458897922312,20.0,0.0,33.88,34.67777777777781,26.69999999999998,0.0,47.0
100,0.8,10,5,4,23,7,3336696384.0,74148.0,1.5585964912280699,20.0,0.0,29.019999999999985,30.000000000000004,21.090909090909054,0.0,39.0
100,0.8,10,5,4,23,8,4249631232.0,94436.0,1.562517099863203,20.0,0.0,36.96000000000003,36.89887640449434,37.45454545454549,0.0,48.0
100,0.8,10,5,4,23,9,4003575744.0,88968.0,1.5548045841904186,20.0,0.0,34.82000000000004,33.44444444444438,47.19999999999991,40.0,55.0
100,0.8,10,5,4,23,10,3929989056.0,87333.0,1.5653834851601516,20.0,0.0,34.179999999999964,33.400000000000055,41.199999999999925,0.0,53.0
100,0.8,10,5,4,23,11,4378407936.0,97297.0,1.563485699010957,20.0,0.0,38.079999999999956,37.62921348314604,41.72727272727264,0.0,50.0
100,0.8,10,5,4,23,12,3980579904.0,88457.0,1.5606817513958304,20.0,0.0,34.61999999999992,35.146067415730286,30.36363636363637,0.0,49.0
100,0.8,10,5,4,24,6,3736824000.0,83040.0,1.5569620253164564,20.0,0.0,32.50000000000001,33.853932584269735,21.54545454545452,0.0,41.0
100,0.8,10,5,4,24,7,3044649216.0,67658.0,1.548513302034425,20.0,0.0,26.480000000000015,26.666666666666657,24.800000000000004,0.0,40.0
100,0.8,10,5,4,24,8,4274926656.0,94998.0,1.5417366946778686,20.0,0.0,37.179999999999936,37.539325842696606,34.272727272727344,0.0,50.0
100,0.8,10,5,4,24,9,3794313600.0,84318.0,1.535540408958128,20.0,0.0,33.00000000000001,32.2222222222222,40.0,0.0,47.0
100,0.8,10,5,4,24,10,3660937728.0,81354.0,1.5474525474525476,20.0,0.0,31.840000000000032,30.91011235955057,39.36363636363646,0.0,47.0
100,0.8,10,5,4,24,11,3311400960.0,73586.0,1.5486856719733446,20.0,0.0,28.800000000000026,27.82222222222221,37.59999999999994,0.0,48.0
100,0.8,10,5,4,24,12,4456593792.0,99035.0,1.5428180574555395,20.0,0.0,38.7600000000001,39.011235955056215,36.72727272727264,0.0,50.0
100,0.8,10,5,4,25,6,3548258112.0,78850.0,1.5263157894736823,20.0,0.0,30.860000000000014,32.05617977528086,21.181818181818194,0.0,38.0
100,0.8,10,5,4,25,7,4300222080.0,95560.0,1.5198354393182478,20.0,0.0,37.40000000000006,38.21978021978021,29.111111111111153,0.0,47.0
100,0.8,10,5,4,25,8,3276907200.0,72820.0,1.5342465753424674,20.0,0.0,28.499999999999996,28.269662921348303,30.36363636363637,0.0,42.0
100,0.8,10,5,4,25,9,4711847616.0,104707.0,1.5351510291365946,20.0,0.0,40.98000000000001,41.49999999999999,36.30000000000006,0.0,49.0
100,0.8,10,5,4,25,10,3511464768.0,78032.0,1.5300900900900871,20.0,0.0,30.539999999999974,29.0444444444444,44.00000000000001,38.0,51.0
100,0.8,10,5,4,25,11,4194441216.0,93209.0,1.527250828063839,20.0,0.0,36.48000000000001,37.84444444444444,24.2,0.0,45.0
100,0.8,10,5,4,25,12,4084061184.0,90756.0,1.52901234567901,20.0,0.0,35.51999999999999,36.269662921348306,29.454545454545485,0.0,48.0
100,0.8,10,5,4,26,6,4341614592.0,96480.0,1.5283573317660908,20.0,0.0,37.759999999999884,38.80898876404492,29.272727272727323,0.0,44.0
100,0.8,10,5,4,26,7,4341614592.0,96480.0,1.5274757566852772,20.0,0.0,37.7600000000001,38.617977528089824,30.81818181818186,0.0,43.0
100,0.8,10,5,4,26,8,4270327488.0,94896.0,1.5224330021077987,20.0,0.0,37.139999999999965,37.696629213483085,32.63636363636362,0.0,45.0
100,0.8,10,5,4,26,9,4688851776.0,104196.0,1.512885154061622,20.0,0.0,40.780000000000086,39.97777777777774,48.0,43.0,54.0
100,0.8,10,5,4,26,10,4760138880.0,105780.0,1.5184678522571835,20.0,0.0,41.400000000000055,42.078651685393204,35.90909090909096,0.0,49.0
100,0.8,10,5,4,26,11,3028552128.0,67301.0,1.5302642796248926,20.0,0.0,26.34000000000001,26.38202247191016,26.0,0.0,41.0
100,0.8,10,5,4,26,12,3099839232.0,68885.0,1.5267080745341588,20.0,0.0,26.960000000000026,26.471910112359595,30.90909090909096,0.0,44.0
100,0.8,10,5,5,6,6,1678696320.0,37304.0,1.7813291139240475,20.0,0.0,14.599999999999984,11.0,47.0,39.0,53.0
100,0.8,10,5,5,6,7,1497029184.0,33267.0,1.8380006022282467,20.0,0.0,13.019999999999987,11.179775280898868,27.909090909090956,0.0,49.0
100,0.8,10,5,5,6,8,1409644992.0,31325.0,1.8151059466848947,20.0,0.0,12.259999999999993,10.044444444444457,32.19999999999995,0.0,50.0
100,0.8,10,5,5,6,9,1264771200.0,28106.0,1.8487719298245588,20.0,0.0,11.0,9.730337078651699,21.272727272727266,0.0,41.0
100,0.8,10,5,5,6,10,1490130432.0,33114.0,1.8135198135198118,20.0,0.0,12.960000000000015,10.337078651685381,34.18181818181812,0.0,55.0
100,0.8,10,5,5,6,11,1480932096.0,32909.0,1.8082278481012672,20.0,0.0,12.88000000000002,10.692307692307706,35.0,0.0,56.0
100,0.8,10,5,5,6,12,1598210880.0,35515.0,1.8269174258007608,20.0,0.0,13.900000000000011,11.393258426966295,34.18181818181812,0.0,55.0
100,0.8,10,5,5,7,6,1398147072.0,31069.0,1.7982228804146623,20.0,0.0,12.159999999999993,10.41111111111113,27.90000000000005,0.0,45.0
100,0.8,10,5,5,7,7,1388948736.0,30865.0,1.8175438596491253,20.0,0.0,12.080000000000005,10.808988764044923,22.363636363636328,0.0,47.0
100,0.8,10,5,5,7,8,1520025024.0,33778.0,1.7922807017543816,20.0,0.0,13.22000000000002,11.21111111111112,31.30000000000004,0.0,52.0
100,0.8,10,5,5,7,9,1591312128.0,35362.0,1.779904306220092,20.0,0.0,13.839999999999986,11.34065934065936,39.11111111111119,0.0,55.0
100,0.8,10,5,5,7,10,1956945984.0,43487.0,1.76422764227642,20.0,0.0,17.019999999999985,13.382022471910123,46.45454545454543,0.0,57.0
100,0.8,10,5,5,7,11,1595911296.0,35464.0,1.7736936936936936,20.0,0.0,13.880000000000027,11.01123595505621,37.09090909090904,0.0,48.0
100,0.8,10,5,5,7,12,1474033344.0,32756.0,1.7734406438631813,20.0,0.0,12.820000000000004,9.337078651685381,41.00000000000001,0.0,51.0
100,0.8,10,5,5,8,6,1667198400.0,37048.0,1.747130692336175,20.0,0.0,14.499999999999998,11.853932584269637,35.90909090909096,0.0,49.0
100,0.8,10,5,5,8,7,2081123520.0,46247.0,1.758749282845666,20.0,0.0,18.09999999999997,15.134831460674151,42.09090909090904,0.0,56.0
100,0.8,10,5,5,8,8,1736185920.0,38581.0,1.7597402597402572,20.0,0.0,15.099999999999982,12.52808988764045,35.90909090909096,0.0,46.0
100,0.8,10,5,5,8,9,1644202560.0,36537.0,1.7812187812187787,20.0,0.0,14.299999999999976,12.52808988764045,28.636363636363637,0.0,52.0
100,0.8,10,5,5,8,10,2108718528.0,46860.0,1.7506775067750684,20.0,0.0,18.339999999999968,14.146067415730364,52.272727272727295,46.0,57.0
100,0.8,10,5,5,8,11,2104119360.0,46758.0,1.7485697079193014,20.0,0.0,18.29999999999997,14.101123595505648,52.272727272727295,48.0,55.0
100,0.8,10,5,5,8,12,1708590912.0,37968.0,1.7792924375202874,20.0,0.0,14.859999999999978,12.900000000000004,32.5,0.0,50.0
100,0.8,10,5,5,9,6,2002937664.0,44509.0,1.7417721518987352,20.0,0.0,17.420000000000012,14.741573033707875,39.09090909090904,0.0,50.0
100,0.8,10,5,5,9,7,2051228928.0,45582.0,1.7425925925925894,20.0,0.0,17.83999999999998,15.011235955056215,40.727272727272634,0.0,55.0
100,0.8,10,5,5,9,8,1556818368.0,34595.0,1.76674277016743,20.0,0.0,13.539999999999981,12.213483146067421,24.272727272727295,0.0,42.0
100,0.8,10,5,5,9,9,1839667200.0,40881.0,1.7525807525807506,20.0,0.0,15.999999999999998,14.0,34.0,0.0,54.0
100,0.8,10,5,5,9,10,2124815616.0,47218.0,1.7508081104907403,20.0,0.0,18.480000000000015,15.911111111111097,41.599999999999945,0.0,58.0
100,0.8,10,5,5,9,11,1956945984.0,43487.0,1.7663354411321868,20.0,0.0,17.019999999999985,15.595505617977546,28.545454545454515,0.0,50.0
100,0.8,10,5,5,9,12,1669497984.0,37099.0,1.753424657534251,20.0,0.0,14.519999999999987,12.314606741573021,32.36363636363638,0.0,50.0
100,0.8,10,5,5,10,6,1894857216.0,42107.0,1.7347915242652059,20.0,0.0,16.480000000000015,15.370786516853952,25.45454545454548,0.0,48.0
100,0.8,10,5,5,10,7,1952346816.0,43385.0,1.7269309637730708,20.0,0.0,16.980000000000015,14.71910112359548,35.272727272727344,0.0,50.0
100,0.8,10,5,5,10,8,2058127680.0,45736.0,1.7149692412850286,20.0,0.0,17.90000000000003,15.011111111111118,43.900000000000034,0.0,53.0
100,0.8,10,5,5,10,9,2058127680.0,45736.0,1.7256077256077247,20.0,0.0,17.90000000000003,15.516853932584292,37.181818181818116,0.0,54.0
100,0.8,10,5,5,10,10,2221398144.0,49364.0,1.726234567901232,20.0,0.0,19.319999999999983,16.79775280898873,39.727272727272634,0.0,54.0
100,0.8,10,5,5,10,11,2182305216.0,48495.0,1.7195715676728307,20.0,0.0,18.980000000000015,15.764044943820199,45.0,0.0,56.0
100,0.8,10,5,5,10,12,2122516032.0,47166.0,1.7284810126582242,20.0,0.0,18.460000000000022,16.13333333333337,39.40000000000006,0.0,54.0
100,0.8,10,5,5,11,6,1993739328.0,44305.0,1.7383966244725757,20.0,0.0,17.33999999999997,16.94444444444441,20.900000000000038,0.0,45.0
100,0.8,10,5,5,11,7,2005237248.0,44560.0,1.7015920029618625,20.0,0.0,17.440000000000037,14.977777777777801,39.59999999999994,0.0,53.0
100,0.8,10,5,5,11,8,2492749056.0,55394.0,1.7114170969592626,20.0,0.0,21.68000000000001,18.944444444444404,46.30000000000008,0.0,54.0
100,0.8,10,5,5,11,9,1887958464.0,41954.0,1.7201036653091455,20.0,0.0,16.420000000000016,15.11235955056183,27.0,0.0,47.0
100,0.8,10,5,5,11,10,2299584000.0,51101.0,1.7101265822784826,20.0,0.0,20.000000000000004,17.494382022471886,40.272727272727366,0.0,55.0
100,0.8,10,5,5,11,11,1940848896.0,43129.0,1.7058599695585983,20.0,0.0,16.88000000000004,14.588888888888896,37.5,0.0,55.0
100,0.8,10,5,5,11,12,2085722688.0,46349.0,1.728659526127879,20.0,0.0,18.14000000000004,16.7865168539326,29.09090909090904,0.0,48.0
100,0.8,10,5,5,12,6,2382369024.0,52941.0,1.6864654333008757,20.0,0.0,20.720000000000017,17.977528089887592,42.90909090909096,35.0,49.0
100,0.8,10,5,5,12,7,2074224768.0,46093.0,1.7202797202797238,20.0,0.0,18.039999999999978,17.65168539325845,21.181818181818194,0.0,44.0
100,0.8,10,5,5,12,8,2317980672.0,51510.0,1.696527101590391,20.0,0.0,20.160000000000036,18.07777777777778,38.90000000000006,0.0,53.0
100,0.8,10,5,5,12,9,2108718528.0,46860.0,1.707017543859649,20.0,0.0,18.339999999999968,16.808988764044912,30.72727272727267,0.0,49.0
100,0.8,10,5,5,12,10,2791694976.0,62037.0,1.6879551820728307,20.0,0.0,24.280000000000015,20.811111111111128,55.5,50.0,61.0
100,0.8,10,5,5,12,11,2032832256.0,45174.0,1.717543859649122,20.0,0.0,17.680000000000014,16.617977528089863,26.272727272727305,0.0,48.0
100,0.8,10,5,5,12,12,2524943232.0,56109.0,1.7046723479282966,20.0,0.0,21.960000000000022,20.303370786516826,35.36363636363639,0.0,56.0
100,0.8,10,5,5,13,6,2147811456.0,47729.0,1.6797482413920763,20.0,0.0,18.680000000000017,17.4831460674157,28.363636363636363,0.0,44.0
100,0.8,10,5,5,13,7,2354774016.0,52328.0,1.6813186813186838,20.0,0.0,20.480000000000015,18.157303370786558,39.27272727272736,0.0,49.0
100,0.8,10,5,5,13,8,2048929344.0,45531.0,1.699370603480191,20.0,0.0,17.819999999999986,16.966292134831466,24.7272727272727,0.0,44.0
100,0.8,10,5,5,13,9,2681314944.0,59584.0,1.6746913580246892,20.0,0.0,23.320000000000004,20.044943820224713,49.8181818181819,36.0,57.0
100,0.8,10,5,5,13,10,2016735168.0,44816.0,1.6921613394216124,20.0,0.0,17.539999999999978,16.966292134831466,22.181818181818183,0.0,46.0
100,0.8,10,5,5,13,11,2534141568.0,56314.0,1.6819620253164569,20.0,0.0,22.039999999999978,19.84269662921343,39.81818181818189,0.0,52.0
100,0.8,10,5,5,13,12,2327179008.0,51715.0,1.6845522898154486,20.0,0.0,20.240000000000006,18.21111111111116,38.5,0.0,57.0
100,0.8,10,5,5,14,6,2591631168.0,57591.0,1.686540198735318,20.0,0.0,22.539999999999978,22.70786516853928,21.181818181818194,0.0,49.0
100,0.8,10,5,5,14,7,2409964032.0,53554.0,1.6806526806526825,20.0,0.0,20.960000000000033,19.910112359550563,29.454545454545485,0.0,46.0
100,0.8,10,5,5,14,8,2810091648.0,62446.0,1.6673523361739628,20.0,0.0,24.44000000000004,22.617977528089845,39.18181818181811,0.0,59.0
100,0.8,10,5,5,14,9,2092621440.0,46502.0,1.6647887323943653,20.0,0.0,18.20000000000003,17.303370786516833,25.45454545454548,0.0,46.0
100,0.8,10,5,5,14,10,2630724096.0,58460.0,1.6725308641975314,20.0,0.0,22.88000000000006,21.747252747252773,34.33333333333338,0.0,56.0
100,0.8,10,5,5,14,11,2922771264.0,64950.0,1.671148459383753,20.0,0.0,25.420000000000037,24.82022471910113,30.27272727272733,0.0,55.0
100,0.8,10,5,5,14,12,2915872512.0,64797.0,1.6582354712436034,20.0,0.0,25.359999999999992,22.177777777777752,54.0,50.0,60.0
100,0.8,10,5,5,15,6,2879079168.0,63979.0,1.6456790123456806,20.0,0.0,25.039999999999974,22.71910112359548,43.81818181818189,35.0,51.0
100,0.8,10,5,5,15,7,2830787904.0,62906.0,1.6567299006323415,20.0,0.0,24.61999999999994,23.764044943820224,31.545454545454515,0.0,47.0
100,0.8,10,5,5,15,8,3132033408.0,69600.0,1.6540616246498612,20.0,0.0,27.23999999999995,25.044444444444434,47.0,0.0,60.0
100,0.8,10,5,5,15,9,2876779584.0,63928.0,1.6386075949367096,20.0,0.0,25.019999999999985,22.77173913043479,50.875,0.0,62.0
100,0.8,10,5,5,15,10,2731905792.0,60708.0,1.6510873093151586,20.0,0.0,23.760000000000023,22.087912087912127,40.66666666666661,0.0,56.0
100,0.8,10,5,5,15,11,2692812864.0,59840.0,1.6546575787082138,20.0,0.0,23.42000000000003,22.146067415730354,33.727272727272656,0.0,51.0
100,0.8,10,5,5,15,12,2752602048.0,61168.0,1.6591772151898747,20.0,0.0,23.94000000000004,22.71910112359548,33.818181818181856,0.0,57.0
100,0.8,10,5,5,16,6,2541040320.0,56467.0,1.6338738738738727,20.0,0.0,22.09999999999996,20.797752808988722,32.63636363636362,0.0,44.0
100,0.8,10,5,5,16,7,2775597888.0,61679.0,1.6525316455696188,20.0,0.0,24.14000000000002,24.455555555555566,21.299999999999976,0.0,50.0
100,0.8,10,5,5,16,8,2835387072.0,63008.0,1.6433544303797485,20.0,0.0,24.660000000000004,23.88888888888888,31.599999999999945,0.0,51.0
100,0.8,10,5,5,16,9,3293004288.0,73177.0,1.6355742296918805,20.0,0.0,28.639999999999997,26.42696629213483,46.54545454545456,0.0,59.0
100,0.8,10,5,5,16,10,2541040320.0,56467.0,1.639279279279282,20.0,0.0,22.09999999999996,20.900000000000038,32.900000000000055,0.0,53.0
100,0.8,10,5,5,16,11,3302202624.0,73382.0,1.6389355742296916,20.0,0.0,28.71999999999996,27.168539325842662,41.27272727272737,0.0,55.0
100,0.8,10,5,5,16,12,3007855872.0,66841.0,1.640123456790122,20.0,0.0,26.15999999999999,24.57777777777774,40.40000000000006,0.0,54.0
100,0.8,10,5,5,17,6,3069944640.0,68220.0,1.628395061728394,20.0,0.0,26.69999999999998,25.51648351648355,38.66666666666661,0.0,57.0
100,0.8,10,5,5,17,7,2382369024.0,52941.0,1.631846635367764,20.0,0.0,20.720000000000017,20.707865168539282,20.818181818181802,0.0,41.0
100,0.8,10,5,5,17,8,2971062528.0,66023.0,1.6199285946121362,20.0,0.0,25.840000000000003,23.84269662921346,41.99999999999999,0.0,52.0
100,0.8,10,5,5,17,9,3046948800.0,67709.0,1.6278481012658224,20.0,0.0,26.499999999999996,24.40449438202249,43.45454545454546,0.0,55.0
100,0.8,10,5,5,17,10,3026252544.0,67250.0,1.6287974683544326,20.0,0.0,26.32000000000002,25.370786516853958,34.0,0.0,50.0
100,0.8,10,5,5,17,11,3076843392.0,68374.0,1.6221518987341776,20.0,0.0,26.760000000000044,25.707865168539275,35.272727272727344,0.0,55.0
100,0.8,10,5,5,17,12,3589650624.0,79770.0,1.6155950752394008,20.0,0.0,31.219999999999942,28.466666666666686,56.0,52.0,61.0
100,0.8,10,5,5,18,6,3224016768.0,71644.0,1.620596205962062,20.0,0.0,28.039999999999978,28.696629213483124,22.72727272727272,0.0,47.0
100,0.8,10,5,5,18,7,2874480000.0,63877.0,1.602456140350879,20.0,0.0,25.000000000000004,23.75555555555552,36.19999999999994,0.0,49.0
100,0.8,10,5,5,18,8,3283805952.0,72973.0,1.60885275519422,20.0,0.0,28.55999999999996,27.422222222222278,38.80000000000007,0.0,56.0
100,0.8,10,5,5,18,9,3440177664.0,76448.0,1.6018219218336756,20.0,0.0,29.92000000000004,27.34831460674154,50.727272727272705,42.0,57.0
100,0.8,10,5,5,18,10,2984860032.0,66330.0,1.6147186147186128,20.0,0.0,25.960000000000033,25.067415730337103,33.18181818181813,0.0,52.0
100,0.8,10,5,5,18,11,3189523008.0,70878.0,1.6120253164556961,20.0,0.0,27.739999999999956,26.2584269662921,39.727272727272634,0.0,54.0
100,0.8,10,5,5,18,12,3654038976.0,81200.0,1.615868673050614,20.0,0.0,31.780000000000054,29.797752808988704,47.8181818181819,0.0,57.0
100,0.8,10,5,5,19,6,3562055616.0,79156.0,1.5963855421686728,20.0,0.0,30.980000000000015,29.764044943820263,40.81818181818188,0.0,50.0
100,0.8,10,5,5,19,7,2784796224.0,61884.0,1.5997778600518309,20.0,0.0,24.219999999999985,23.022471910112422,33.90909090909096,0.0,47.0
100,0.8,10,5,5,19,8,3302202624.0,73382.0,1.5971518987341795,20.0,0.0,28.719999999999956,26.415730337078625,47.36363636363635,41.0,53.0
100,0.8,10,5,5,19,9,3467772672.0,77061.0,1.5931948208370954,20.0,0.0,30.15999999999998,29.101123595505637,38.72727272727264,0.0,57.0
100,0.8,10,5,5,19,10,3566654784.0,79258.0,1.5982956215104311,20.0,0.0,31.019999999999985,29.134831460674217,46.27272727272732,0.0,59.0
100,0.8,10,5,5,19,11,2987159616.0,66381.0,1.591228070175438,20.0,0.0,25.980000000000015,24.714285714285765,38.77777777777782,0.0,58.0
100,0.8,10,5,5,19,12,2862982080.0,63621.0,1.6007207207207181,20.0,0.0,24.900000000000045,25.355555555555558,20.799999999999972,0.0,52.0
100,0.8,10,5,5,20,6,3502266432.0,77828.0,1.5859680819030444,20.0,0.0,30.460000000000026,30.584269662921397,29.454545454545485,0.0,44.0
100,0.8,10,5,5,20,7,3348194304.0,74404.0,1.5816293411230078,20.0,0.0,29.119999999999933,27.168539325842662,44.90909090909096,37.0,51.0
100,0.8,10,5,5,20,8,3428679744.0,76192.0,1.584493670886076,20.0,0.0,29.820000000000036,30.112359550561862,27.454545454545485,0.0,48.0
100,0.8,10,5,5,20,9,3403384320.0,75630.0,1.5787974683544264,20.0,0.0,29.599999999999945,29.033333333333307,34.699999999999946,0.0,57.0
100,0.8,10,5,5,20,10,3752921088.0,83398.0,1.5765501028504303,20.0,0.0,32.63999999999998,30.211111111111187,54.5,49.0,61.0
100,0.8,10,5,5,20,11,2918172096.0,64848.0,1.5834875971862317,20.0,0.0,25.380000000000063,25.707865168539275,22.72727272727272,0.0,46.0
100,0.8,10,5,5,20,12,3936887808.0,87486.0,1.5865937072503409,20.0,0.0,34.23999999999992,34.078651685393226,35.54545454545451,0.0,55.0
100,0.8,10,5,5,21,6,3536760192.0,78594.0,1.5664556962025273,20.0,0.0,30.76000000000007,30.655555555555566,31.699999999999953,0.0,50.0
100,0.8,10,5,5,21,7,3421780992.0,76039.0,1.5689711132749096,20.0,0.0,29.760000000000062,30.235955056179737,25.909090909090956,0.0,49.0
100,0.8,10,5,5,21,8,3628743552.0,80638.0,1.559810126582278,20.0,0.0,31.559999999999974,29.923076923076977,48.111111111111214,0.0,61.0
100,0.8,10,5,5,21,9,3407983488.0,75732.0,1.57286595261279,20.0,0.0,29.639999999999997,29.22471910112365,33.0,0.0,54.0
100,0.8,10,5,5,21,10,3741423168.0,83142.0,1.5715146040349282,20.0,0.0,32.53999999999997,30.97777777777776,46.599999999999994,0.0,56.0
100,0.8,10,5,5,21,11,3614946048.0,80332.0,1.5626582278481005,20.0,0.0,31.440000000000044,30.566666666666617,39.30000000000007,0.0,54.0
100,0.8,10,5,5,21,12,3293004288.0,73177.0,1.5639097744360893,20.0,0.0,28.639999999999997,26.90109890109894,46.222222222222236,0.0,56.0
100,0.8,10,5,5,22,6,4635961344.0,103021.0,1.5528089887640428,20.0,0.0,40.32000000000007,41.078651685393226,34.18181818181812,0.0,56.0
100,0.8,10,5,5,22,7,4054166592.0,90092.0,1.5510613884107842,20.0,0.0,35.26000000000008,34.89887640449434,38.18181818181813,0.0,56.0
100,0.8,10,5,5,22,8,4677353856.0,103941.0,1.5538077403245978,20.0,0.0,40.67999999999994,39.29213483146074,51.90909090909096,41.0,62.0
100,0.8,10,5,5,22,9,4132352448.0,91830.0,1.5588235294117672,20.0,0.0,35.94000000000005,35.49438202247198,39.54545454545451,0.0,56.0
100,0.8,10,5,5,22,10,3580452288.0,79565.0,1.5585848750405689,20.0,0.0,31.139999999999986,30.80898876404491,33.81818181818188,0.0,50.0
100,0.8,10,5,5,22,11,3440177664.0,76448.0,1.5604921394395057,20.0,0.0,29.92000000000004,28.831460674157338,38.72727272727264,0.0,53.0
100,0.8,10,5,5,22,12,3297603456.0,73280.0,1.5600000000000016,20.0,0.0,28.679999999999968,28.61797752808984,29.181818181818144,0.0,51.0
100,0.8,10,5,5,23,6,4010474496.0,89121.0,1.5359831376091515,20.0,0.0,34.88000000000001,34.63333333333332,37.09999999999994,0.0,50.0
100,0.8,10,5,5,23,7,4056466176.0,90143.0,1.5518660005877194,20.0,0.0,35.280000000000065,36.269662921348306,27.272727272727312,0.0,49.0
100,0.8,10,5,5,23,8,3775916928.0,83909.0,1.5352158390133073,20.0,0.0,32.84000000000004,30.877777777777748,50.5,45.0,55.0
100,0.8,10,5,5,23,9,4201339968.0,93363.0,1.540734366035568,20.0,0.0,36.53999999999997,35.4269662921348,45.54545454545456,0.0,55.0
100,0.8,10,5,5,23,10,4268027904.0,94845.0,1.5370051635111872,20.0,0.0,37.11999999999992,36.50561797752802,42.09090909090904,0.0,55.0
100,0.8,10,5,5,23,11,3815009856.0,84777.0,1.542405063291141,20.0,0.0,33.17999999999997,33.66292134831463,29.272727272727323,0.0,50.0
100,0.8,10,5,5,23,12,4256529984.0,94589.0,1.5436029833620182,20.0,0.0,37.01999999999999,35.85393258426972,46.45454545454543,0.0,56.0
100,0.8,10,5,5,24,6,3890896128.0,86464.0,1.5294303797468365,20.0,0.0,33.84000000000004,32.662921348314626,43.36363636363638,38.0,51.0
100,0.8,10,5,5,24,7,4288724160.0,95304.0,1.525712606523655,20.0,0.0,37.30000000000006,37.95505617977539,32.0,0.0,47.0
100,0.8,10,5,5,24,8,4051867008.0,90041.0,1.5274691358024677,20.0,0.0,35.23999999999992,35.01123595505623,37.09090909090904,0.0,56.0
100,0.8,10,5,5,24,9,3939187392.0,87537.0,1.5291139240506313,20.0,0.0,34.26000000000008,32.393258426966305,49.36363636363633,38.0,57.0
100,0.8,10,5,5,24,10,3835706112.0,85237.0,1.513486513486515,20.0,0.0,33.36000000000002,31.28888888888889,52.0,46.0,56.0
100,0.8,10,5,5,24,11,4422100032.0,98268.0,1.5261044176706833,20.0,0.0,38.46000000000003,36.64044943820226,53.18181818181809,49.0,58.0
100,0.8,10,5,5,24,12,4451994624.0,98933.0,1.5192197360872057,20.0,0.0,38.71999999999992,36.93258426966295,53.18181818181809,47.0,60.0
100,0.8,10,5,5,25,6,4136951616.0,91932.0,1.5206790123456806,20.0,0.0,35.98000000000001,36.17977528089887,34.36363636363638,0.0,49.0
100,0.8,10,5,5,25,7,3996676992.0,88815.0,1.5180379746835482,20.0,0.0,34.76000000000009,34.10112359550566,40.09090909090904,0.0,48.0
100,0.8,10,5,5,25,8,3030851712.0,67352.0,1.5267080745341588,20.0,0.0,26.359999999999992,26.101123595505655,28.454545454545485,0.0,51.0
100,0.8,10,5,5,25,9,4164546624.0,92545.0,1.5141975308641975,20.0,0.0,36.21999999999992,35.325842696629145,43.45454545454546,0.0,55.0
100,0.8,10,5,5,25,10,3711528576.0,82478.0,1.5147368421052645,20.0,0.0,32.28000000000006,31.5777777777777,38.59999999999994,0.0,55.0
100,0.8,10,5,5,25,11,4516382976.0,100364.0,1.51348250143431,20.0,0.0,39.280000000000086,39.07692307692299,41.33333333333339,0.0,60.0
100,0.8,10,5,5,25,12,4941806016.0,109817.0,1.5222048066875677,20.0,0.0,42.97999999999999,41.494382022472,54.99999999999999,46.0,61.0
100,0.8,10,5,5,26,6,3725326080.0,82784.0,1.4965765765765766,20.0,0.0,32.400000000000055,32.166666666666636,34.5,0.0,51.0
100,0.8,10,5,5,26,7,3548258112.0,78850.0,1.4882039573820405,20.0,0.0,30.860000000000085,30.109890109890173,38.44444444444437,0.0,53.0
100,0.8,10,5,5,26,8,4755539712.0,105678.0,1.4969187675070004,20.0,0.0,41.360000000000035,40.98876404494377,44.36363636363637,0.0,57.0
100,0.8,10,5,5,26,9,4047267840.0,89939.0,1.491175491175492,20.0,0.0,35.19999999999995,35.96666666666669,28.300000000000026,0.0,52.0
100,0.8,10,5,5,26,10,3877098624.0,86157.0,1.5058099794941884,20.0,0.0,33.719999999999935,33.88764044943813,32.36363636363638,0.0,49.0
100,0.8,10,5,5,26,11,4746341376.0,105474.0,1.5002801120448175,20.0,0.0,41.28000000000009,42.0,35.45454545454549,0.0,52.0
100,0.8,10,5,5,26,12,4527880896.0,100619.0,1.5074933881868924,20.0,0.0,39.38000000000008,39.91011235955056,35.09090909090904,0.0,56.0
