address,reward_address,reward,total_weight,weight
BEwkhJRaC33zch53QdFnT8JnWm9HoY3Qiv,437d06abe09945a57ae8aa70c3eba791f8414071a2dc7228064aac33,120.85616076744212,489, 3
BHnrFDbPnwtuH7kMXX8eEeMXTPveN99puv,162662f1e1886146a46607c8fce964bff7397aba5ed56ca0a9b0c541,117.89036541118587,477, 3
B7BamQyetNFJB2vUYNtLFoDzi9BE58SZQF,b7c4ddca8df8e86febf58e84388a7a1de08afd69bdbdd9456fab9b4f,115.66601889399368,468, 3
B8f3udk9UFVFKAAj9CZTJjJJNRqDj7wk7P,0b73d94ccfd933cddb770d2add14a41340779da21b60d7f7f66c8ba5,114.18312121586557,462, 3
BBiKaUrD6hr1cChRS1YiJpRpfVtkF4KG7j,65d569cce3ff9964ab5f4be91ffb2a11f7d7c9c16793a204aed7fda2,114.18312121586557,462, 3
BKYnuT4Pt8xfZrSKrY3mUyf9Cd9qJmTgBn,139c039e283b36f1871aa7509e31cf318a2b59ec51d2293a5a04a85f,114.18312121586557,462, 3
B4nBNx229LknU9LJNtX2QV25yqZRw3SAGT,1cdb71bd71efa771b6a6c82d6206a35ca12c3b128fe3ae9cb0183aaf,112.70022353773744,456, 3
BCziQ7F5Guv37ypzRSyC9yUsE52wvak8Ko,46ea67e5727320d14e08900acfac659d1847e746bcf2a598c77a8c93,112.70022353773744,456, 3
BF3dPZqQrPVGyBCxSNp675bpFLK9qUpSkW,db3526b10ae09bc64666c3b47cac3f377186d099349d256cecad6a4d,112.70022353773744,456, 3
BJpQ8x8pgYZASMFbZ5jrva8cRaSErph7JD,b7c4ddca8df8e86febf58e84388a7a1de08afd69bdbdd9456fab9b4f,112.70022353773744,456, 3
BLYcGsiaUBzkRPKpYhEaj5Bi6pxXuxsw2E,91490910914bbfc3a4de146a12cb82d8725bc8bdaa8c8860bf3deffc,112.70022353773744,456, 3
BLiDjwdj55wznnVPAifDHCyYRZcw61RDPf,65d569cce3ff9964ab5f4be91ffb2a11f7d7c9c16793a204aed7fda2,112.70022353773744,456, 3
BM62ajsdsNwFZTQDUrSsPovBJkV3piMSPu,47ecd07483b32b8f8076e318395b8dd1a8b078c41cc66bcecaec08e6,112.70022353773744,456, 3
BMZw9qSvDJugpgk1urywkAmbMsrJwrbHeK,b7c4ddca8df8e86febf58e84388a7a1de08afd69bdbdd9456fab9b4f,112.70022353773744,456, 3
BNV4YZsZPkoW1ipoQUFASrEEFY8Y6ecKzg,b04e04bc40a91b4d891e8f05564b0d839dc8b4e45ee32852d36125f7,112.70022353773744,456, 3
BQeyfbWooRDgbECAvm58vpKLmYhynuSNtT,2f09f8a613c12b37005b73bed6ca59c03bba3c24cbb749af0fffa40e,112.70022353773744,456, 3
B9tyd5kUninvuBsQKvsMLiVskLV2mp5tL9,da505dbbc7dfe2c1097c6fea30d703fef6103fc26741f91aefd32ed4,111.95877469867338,453, 3
B9vYM3HxF9Pb9P3wR6Rn9jDsAyp21ZJ753,b7c4ddca8df8e86febf58e84388a7a1de08afd69bdbdd9456fab9b4f,111.95877469867338,453, 3
BAq7Qgpn12urc4DnvFEr2sVtck554ioZet,d6591aef0d618b7c3abb2770dee41d3f0e58aebdc55426bb264497fe,111.95877469867338,453, 3
BMWabyq5ShWsKW9ppL4XJHYnKf6oex1JNh,b7c4ddca8df8e86febf58e84388a7a1de08afd69bdbdd9456fab9b4f,111.95877469867338,453, 3
BMtQH4ydALz1HodpNqkiyYdjZ8aDvToHe8,25125e9bb305fafd51ceb2858d355f77da99550b933ec0923cd156ff,111.95877469867338,453, 3
BQSh4xmqsGx7wQvLohDMS7Y1GtEdLRo9yt,37d5b264986b09394746485e53fdb87bafebd316fc34069e0e96b92c,111.95877469867338,453, 3
BRsSqx3nZHKBxDpzP8T4tcK2uPVC8yDbU6,f77c2084a7deafd8501c88a99e819d4eb4f9da165ac4e7b206ca3113,111.95877469867338,453, 3
B94wzgdgdofpXnesry5zPUKQZoQujnMmLT,1595d99a7886a83b2ec60dd69798e510cb6760d2186a80b1eb7f7fc3,111.21732585960932,450, 3
BGfNkVB1tDwmTpPmdUFZfDHYRUv1M2xBHD,b7c4ddca8df8e86febf58e84388a7a1de08afd69bdbdd9456fab9b4f,111.21732585960932,450, 3
BPuuyUYcgvpCcHBBzLk4bK43D4EcwAaoxD,f82ed723a9679a66095edb10478d3ebb900436f59792b56b07cdad7b,111.21732585960932,450, 3
BQ8wdf4ZbsTYRcwTt3mLMjTsubu3xciJzw,b7c4ddca8df8e86febf58e84388a7a1de08afd69bdbdd9456fab9b4f,111.21732585960932,450, 3
B4yfKKW2gTvnvTKYqet5prGRk39kncxXKZ,25125e9bb305fafd51ceb2858d355f77da99550b933ec0923cd156ff,110.47587702054525,447, 3
B8D5TUce4eVVUnGNdacLAxqxNaB3BAKn8L,6046c5e3b85ccd994f368ab6d48da404b66414d44b0aaf23e07a518b,110.47587702054525,447, 3
BAEgrNJQwiGpqUiqK9KCDtLtzhxMBDzkwt,b7c4ddca8df8e86febf58e84388a7a1de08afd69bdbdd9456fab9b4f,110.47587702054525,447, 3
BBg8dR7crWYEyXW6ZP4XLiEVtCyfdWjtrJ,b7b535dc35d62b5adc0b7e1f302b0f737018f3a1aa8ed3bedf2bb248,110.47587702054525,447, 3
BEVBKsyM9URiqsEsMj6N2UMKY4KAQ3hSD9,b7c4ddca8df8e86febf58e84388a7a1de08afd69bdbdd9456fab9b4f,110.47587702054525,447, 3
BF6ZgQHoQhNQQcTjbLpgUSnaf1vUdFdHRJ,40e3c0978d05b13caa55e714d80951a8d88ea8a0cd45ce165c589ba1,110.47587702054525,447, 3
BNjgmUzpjVo5MYnQp9mWKxqJKPW6vxzMDF,b7c4ddca8df8e86febf58e84388a7a1de08afd69bdbdd9456fab9b4f,110.47587702054525,447, 3
B6ef1EuVMaKUayc9w3bqgc1bRdNe1PFFuc,797efd8ee0bbdaea68bbc92dd38c6de70662fa72ae641420dd490ffc,109.73442818148119,444, 3
B84YLchJzHpzPifX2UAsGgSdgADdvCVSJP,ba7402e5fa5b5aac0bd53922637f96df2eb0e3209f59d7e1f0fd470a,109.73442818148119,444, 3
BAE8SBKWRWnitYBnNSCYjpXo7QW6aSyUi4,b04e04bc40a91b4d891e8f05564b0d839dc8b4e45ee32852d36125f7,109.73442818148119,444, 3
BAEnumsEQP5GnpmLcXSc4ifUdXFBwnjv3T,25125e9bb305fafd51ceb2858d355f77da99550b933ec0923cd156ff,109.73442818148119,444, 3
BK8DxzqXwnEvjUAohLQSmgRF8x6uDxzM9h,d42edda007353f187ec4f2559411c84fc1e67610568b28b6072dae68,109.73442818148119,444, 3
BSHymKKk86FoTyEQWePUT9idURat2K1Bcf,b7c4ddca8df8e86febf58e84388a7a1de08afd69bdbdd9456fab9b4f,109.73442818148119,444, 3
BSzmTwWBjdnCUfvf7jkfjqcQSSPPMwWMux,31322330974ec6974f68f21bb2d3ef3626f84e1b559a22dbb916c670,109.73442818148119,444, 3
B8m2XuWV2cqggsh32b4eT9aic3k6Rd6X76,40e3c0978d05b13caa55e714d80951a8d88ea8a0cd45ce165c589ba1,108.99297934241713,441, 3
BCzS8esFEmRG12yyighRwrbX3GJc3b8UJQ,a8bad012160bed7b93d25364d26e641ff6ee9fa3e5b25d23834797c1,108.99297934241713,441, 3
BEx4kWBCm2YmrsatoGahs6XiSuUjmK5s56,29d39df70bb8d635120c4e82e3907c79a1aa4420e271ad32b5258eb7,108.99297934241713,441, 3
BNSgwGovxDZGHMumw9JQRonkD4eAnssakg,449e3714c5819c449db716267988b1fb747d2e37d240ef7ce8b0bd24,108.99297934241713,441, 3
BP6iM4WGrZNmvuZhfKDGcWx4TQDLBJGUiK,976a91094fb43b5e173935ee27f052c9eb4cd42a43b1bd0613175c88,108.99297934241713,441, 3
BRmw6Mgv9ky5L2EusePKBLWokqpL2kLbne,455d58fabc17c64aa96854d60272aac044b8547632a7ba0e7545c2a6,108.99297934241713,441, 3
BT8xw9eMEh8ykTQx34DU2gf2etBysbYWEH,80c6925f153fab19a8534f181b01c4a55f6dd99a65e07a2c1043609b,108.99297934241713,441, 3
B5ivBe621WwfahhZFGnDNY72o9gcbmzkE1,21469f889f1725a1682b80fe6f76ed59caf5d3f8c1111edc7680caf2,108.25153050335307,438, 3
BJLEV9FmpWHLWCH361aCtSGPs2jLMSAMKz,64f3f4ed81973a476e27d0b1136111e65a74755e11b426cb45eb648f,108.25153050335307,438, 3
BNweAbj32vKmEedvz4isPM3CXQdLcmmkxV,41b3b1c6413f304fdd07adb63a19d5e0d3c44c9b6209a2f21a72f5d6,108.25153050335307,438, 3
B9eUsdsxssmUojvwQuaXDLEQadpyaTwPDm,b2b71b4d38a88216162b02372cc2d8bc4dd2cd365d94bada81701f1b,107.510081664289,435, 3
BJXbbSJbo62S7EyBBBumap7nwtHhk8RnDy,b86a2bc898d84b98816086b5c72c1f8d73926ecb99fc2d435128aee0,107.510081664289,435, 3
B9YTEn3TXjBxX2ZKN2ABV2F4S4JX8k39JS,455d58fabc17c64aa96854d60272aac044b8547632a7ba0e7545c2a6,106.76863282522494,432, 3
BBTqfWX8jx2CctYicaTWeAZg4kv2AMi329,64e37562f190ae58127b0b81492ee62cfab836a67717a6a199af71ca,106.76863282522494,432, 3
BFMV2457wwVpsTk5P5dWQnCzLcqyMK8UU2,c8c986bf1ba47147462d408991028e2c6f094185c3ae791a15a87aa0,106.76863282522494,432, 3
BFpEoBRJDPMSLk4Xzg68x16zmUXJdJg66r,455d58fabc17c64aa96854d60272aac044b8547632a7ba0e7545c2a6,106.76863282522494,432, 3
BKYfwLPNa2hWcCS2XAaQYgxyPH2a6CnwGY,0abcb99486dc0a9cb616bbadab8b04e8d13f0146325bf80a8a859815,106.76863282522494,432, 3
BMCAQs2Nv3vKeXyNJAK2HotvEZmJHcHtQo,25125e9bb305fafd51ceb2858d355f77da99550b933ec0923cd156ff,106.76863282522494,432, 3
B4fznBC9MR1A9qqEkX6LRVQGEW164jQmAw,21469f889f1725a1682b80fe6f76ed59caf5d3f8c1111edc7680caf2,106.02718398616088,429, 3
B6iJsTwSrs4WerP6XQMBZABTErARnDgD6K,25125e9bb305fafd51ceb2858d355f77da99550b933ec0923cd156ff,106.02718398616088,429, 3
BAdmNkUyZ36EuXfghsEnvZdgmQVMN3hGPQ,6046c5e3b85ccd994f368ab6d48da404b66414d44b0aaf23e07a518b,106.02718398616088,429, 3
BCwejGDw7QmSvR4oB5mMe4t7HBGtts26a4,498c7180b92a79f45875d8105bff02757cd763a5bad40b1774f6cb3b,106.02718398616088,429, 3
BDFLLceo5saAvqNCgVFXH6uWNbpJSv7nPW,9200f766fd9d5952bd1cc38755015fd805de65686e3233190529a273,106.02718398616088,429, 3
BHCHHuMsCgXJZ6dXMs9za6m4GHKHC9qWgk,25125e9bb305fafd51ceb2858d355f77da99550b933ec0923cd156ff,106.02718398616088,429, 3
BHjES3AxebTMvSwcN5HmH3m9b8ZWfsdPWc,ae07719e9812123112a35cb31b687492fce1d6da040fa8eda0904b65,106.02718398616088,429, 3
BNSnmb5cm6391TRNiTu151sLRPy4rYc8Fy,b7c4ddca8df8e86febf58e84388a7a1de08afd69bdbdd9456fab9b4f,106.02718398616088,429, 3
BNjBnVJxH38EFUAZT4AvRN18FSnRytK2Dv,ba50c90230ddc99cfba6ccea881f5e91b3145aedbfd51c1fff84adeb,106.02718398616088,429, 3
BNmUtDJD54DZ3cVmTfu2etgJPuoAzsgDYM,e8fd05de0c3ef43d77e73ce937c406ee1cb6ca1d13405a0a61fab5c1,106.02718398616088,429, 3
BSAYAYaDgRLZn4kUvfZnSNwpKvgzacskhv,aea6d9acd93150872e050ef2336f143591d9b1ca9d4c475471f7fb8d,106.02718398616088,429, 3
B8BJSJ4UcVmVdVMhgfRZCFKM7c7tfQrviS,c50fb7c1b763c2bff1daf1d678941ba8e61066a1feba27660a120033,105.28573514709682,426, 3
BCqXpruD1HU76ZYLtyymM9Ra6aNSiUAZGC,de859739f5a00e6a5018d6a14481471b5b6380b9ccdc407a56f3a03b,105.28573514709682,426, 3
BDyfdpdT66ekXe7fAgEvaGMQUg6yEBchjz,e93a50b32976bd83a912bc428dceaab9eb2dc5fdf9959ef9a218b79e,105.28573514709682,426, 3
BHELekSrug4izVmLHShxvekg67FBzTYo5j,a23ad5101b576c66fded19447c6e36d785557bfad07bbd2312addc10,105.28573514709682,426, 3
BRXYCJzYqy8UW3HCaer6HBz8ji1ftvWvgo,65d569cce3ff9964ab5f4be91ffb2a11f7d7c9c16793a204aed7fda2,105.28573514709682,426, 3
B8FPNzLHesvmXaYo2ReHegHNYHUMHV6Vwu,25125e9bb305fafd51ceb2858d355f77da99550b933ec0923cd156ff,104.54428630803275,423, 3
B9d9LDHESe6YiYRL6nWDaYAfXfB9x47QMR,25125e9bb305fafd51ceb2858d355f77da99550b933ec0923cd156ff,104.54428630803275,423, 3
BD6TwWgCqsoPXq2KyvQRf8dvkFNR41TpXQ,124f8ea98def2ec87d6b66e4e34216026c37c4e3d00955321ff8bdd6,104.54428630803275,423, 3
BFfs4czW1gmKAHgozG2HW6ypx4eTXa11if,7b024421dddd7386b330eef8ba29aad7c760218f02eba7c14f0e2974,104.54428630803275,423, 3
BFg7F9LnY8xVuMt7d3KQQALR3nriKpSCq9,25125e9bb305fafd51ceb2858d355f77da99550b933ec0923cd156ff,104.54428630803275,423, 3
BHQsdAGPisSPUHEitF45XnJ5o3NwrNEZv4,1cdb71bd71efa771b6a6c82d6206a35ca12c3b128fe3ae9cb0183aaf,104.54428630803275,423, 3
BJKo6TPcAxcMapn8mKpgkPNU5u8nqsVGnK,36c59c7780546179d7f80729e1ccc3932260b849bc519b2120074169,104.54428630803275,423, 3
BJTenjtv5gnE5UWD8SdDUaW5D8SewRQL1S,8f2d03c817c3d36a864c99a27f6b6179eb1898a631bc007a7e0ffa39,104.54428630803275,423, 3
BLsHxUaMSrkyn1Zgz3cLokvXujejaaFmSd,21469f889f1725a1682b80fe6f76ed59caf5d3f8c1111edc7680caf2,104.54428630803275,423, 3
BN8m2YfEFFtGdFUQzPLvizGKzhUwohT98L,36c59c7780546179d7f80729e1ccc3932260b849bc519b2120074169,104.54428630803275,423, 3
BNH17SfzFbzpkMRJcoBJK1beERFLKCoebu,25125e9bb305fafd51ceb2858d355f77da99550b933ec0923cd156ff,104.54428630803275,423, 3
BNuA9Fuu7UDat8mtvQtsJ5zH3rrLAB2yzm,65d569cce3ff9964ab5f4be91ffb2a11f7d7c9c16793a204aed7fda2,104.54428630803275,423, 3
BSw61dtpCsPdc22Q16dJFVBg9tNJ83RqHJ,dea211d45553bf1f2105c3b6d65bc32f7fe5fce844057691c245843c,104.54428630803275,423, 3
B4uvPw5xXCUC6L3wVQs16MenY2zKUywfks,21469f889f1725a1682b80fe6f76ed59caf5d3f8c1111edc7680caf2,103.80283746896869,420, 3
BDAzxHYgFyFDT66PJYR1wNe9VQXdkj96hg,8f2d03c817c3d36a864c99a27f6b6179eb1898a631bc007a7e0ffa39,103.80283746896869,420, 3
BGLC34ENhecMfpwjsCVyo9W4rdnA9nSX6b,65d569cce3ff9964ab5f4be91ffb2a11f7d7c9c16793a204aed7fda2,103.80283746896869,420, 3
BJSrG6qiCUtyES89Va6Ee8YFPybfUVy4MH,25125e9bb305fafd51ceb2858d355f77da99550b933ec0923cd156ff,103.80283746896869,420, 3
BL5p1btLYwXaMYmbgtZbmyPkFuF2yBM4UU,40d4401ff00a6a311e9672c11b806613da4d4fe36627b9d5770a5d1b,103.80283746896869,420, 3
BLaoiiJL8CESQSukhW71pQSob1Gy9wx9jg,65d569cce3ff9964ab5f4be91ffb2a11f7d7c9c16793a204aed7fda2,103.80283746896869,420, 3
BLekoQt4TRCRoJZEsWcCoCtKw92Dok9ys9,455d58fabc17c64aa96854d60272aac044b8547632a7ba0e7545c2a6,103.80283746896869,420, 3
BMA7ThSUFXuqU1635ZnbA58fg5XG2sX6PV,31a83e600597f604c68d97d155da012df526ca6f1839441231984af7,103.80283746896869,420, 3
BSZM7PcWevqhG5T3PfF94PdcWeW6hH3DUk,29d39df70bb8d635120c4e82e3907c79a1aa4420e271ad32b5258eb7,103.80283746896869,420, 3
BT5i4FoAACAxHw6XDKB1dHwbkFByZF9Qfv,1cdb71bd71efa771b6a6c82d6206a35ca12c3b128fe3ae9cb0183aaf,103.80283746896869,420, 3
B4k1o7pX9vCWddbraCMm4JHVaBnCrw8FoR,f4e1fbd2169b13b3eebc5b35b7f9ef24b5f6c2f266d2c13ef83cd082,103.06138862990463,417, 3
B6cL7CsV1S3PvAKqGqsGaxuH6PR42EeNXU,21469f889f1725a1682b80fe6f76ed59caf5d3f8c1111edc7680caf2,103.06138862990463,417, 3
B9Q97eSjQ8GTp3dLfcSXYhTviQSBjiEamy,5273518ec90b82a2bd6aa68f9ae75a85b59a9398ab8054237201667a,103.06138862990463,417, 3
BCUdJcA68CfEr4pL2MTuiQTCyrxFKQndMv,25125e9bb305fafd51ceb2858d355f77da99550b933ec0923cd156ff,103.06138862990463,417, 3
BDPkygUYSFDvyn1zSBTcf4fC9i1kCM9gV4,455d58fabc17c64aa96854d60272aac044b8547632a7ba0e7545c2a6,103.06138862990463,417, 3
BKzh8BbxQUpADbiMyWCL9rVSkat66ynMkV,8f2d03c817c3d36a864c99a27f6b6179eb1898a631bc007a7e0ffa39,103.06138862990463,417, 3
B4ptTqmQmGvNqwTsAFHQxoFrM7rpAAjwcR,0a2df6c7ee23224296e5bc0fad73d3b4e6aca048672e7891200c25ba,102.31993979084056,414, 3
B9R8rdvuBG1TuJh6jvYKLeDV535sWqNhWZ,455d58fabc17c64aa96854d60272aac044b8547632a7ba0e7545c2a6,102.31993979084056,414, 3
BAmvvhhNVptRzW8mEhfeGh1oSKNWxbMKzw,8a92cbbb482843587e1ef46b4836ed2a916e25fc97889f6dc499a782,102.31993979084056,414, 3
BB4rhHXe5LUCe3EZAvA3nCAFBhZksfY8hj,e96ad984641d17464fecb7d1e0ecb342ffec32cb4628858139d6f9b0,102.31993979084056,414, 3
BExyp7weXyq4GsSPdFGmM2cfZ4G7puHzce,8f2d03c817c3d36a864c99a27f6b6179eb1898a631bc007a7e0ffa39,102.31993979084056,414, 3
BJoUgsUViZhQZmSkB1ni7v9dowVxPCjMLJ,fbe5f3d988447338662c41caca9ff0c6a50882acc261235afc37198a,102.31993979084056,414, 3
BNjxA9m8agSq7n8vHMvz8oHbNYRXULEyqG,25125e9bb305fafd51ceb2858d355f77da99550b933ec0923cd156ff,102.31993979084056,414, 3
BNzZ18f4zTrGZV89XpfgHdy8x6hmnUtRAg,454ad3a4b91e8a983838d8909b5c875e320eb3600698b97f919e8f7a,102.31993979084056,414, 3
BRmZbjNc137J2h2B3GG19efZCp54jthRyG,beb6a6c706a87d84df3c03cc9a9d85b1df3bf027d1c21e18e2dce69d,102.31993979084056,414, 3
BRpuXF1iLho7ckf2r6dV2AzGpJxq4dFbin,3a3ce4220e7fb1748426b8b3b292e0e9b69193484e1c6d5c79b39942,102.31993979084056,414, 3
BSXUZM1X3war8jxoMaze981jPPbQvpnHGN,52045cea2060496392fb94d21a11c8841b5bc8f0f2e2477053d880b4,102.31993979084056,414, 3
BSqn5cqHNZXst8xPJXdxCsLRdTzGpyshKh,650c004ca08a178afcc78501ac55143391c8981480a675ed20cdcc75,102.31993979084056,414, 3
B6zwYk2iuv9oAM7gAhcoyJYkuoJyPKFhBz,1cdb71bd71efa771b6a6c82d6206a35ca12c3b128fe3ae9cb0183aaf,101.5784909517765,411, 3
B83G1phtHxneLc9DWxxF4Dr6y9ZiiDwTYe,1c2be3e80e3208cb1ab279c6883bcda2ba809c9e0bda0e3d65e96e3c,101.5784909517765,411, 3
B9MQwGWh3DgxqsRfoBXuD2URBJ9AcEZozZ,64e37562f190ae58127b0b81492ee62cfab836a67717a6a199af71ca,101.5784909517765,411, 3
BF6H8tELHjYEoNEBRL7HFmQ4bEt6HUxkJT,454ad3a4b91e8a983838d8909b5c875e320eb3600698b97f919e8f7a,101.5784909517765,411, 3
BGneQ1bhTZsn2SFmYSbq8USzfCFLHakMf4,b7745756c4cb08d88fc046eea343a9976e284e0afb1aef79e86ccf93,101.5784909517765,411, 3
BPkAq2fqkUtZLfAfuwhW9Z9cpYrKvkxifo,8f2d03c817c3d36a864c99a27f6b6179eb1898a631bc007a7e0ffa39,101.5784909517765,411, 3
BSStfuoLELeodhXzsZn1jZBwx4QaT6zw5W,25125e9bb305fafd51ceb2858d355f77da99550b933ec0923cd156ff,101.5784909517765,411, 3
B51G4b9E7qk21EJRYDVVaimbtvfrT4Lrds,b04e04bc40a91b4d891e8f05564b0d839dc8b4e45ee32852d36125f7,100.83704211271244,408, 3
B9QYYQSV836pvLX9x9R2iYFnb3kxkh92iy,25125e9bb305fafd51ceb2858d355f77da99550b933ec0923cd156ff,100.83704211271244,408, 3
BCBkK8K3ZQzBy7dgqXcqiJDaeQSsxdrGuB,25125e9bb305fafd51ceb2858d355f77da99550b933ec0923cd156ff,100.83704211271244,408, 3
BCjLSAQCB6iwN18agM3XXwKmC8RGWnyKnd,0733cc064f971f6b8136af36a94e2426f2d4ebcc4f57232d0ddf63c3,100.83704211271244,408, 3
BDKv3hwpXAddeTwKmVX6U5E2PoRpQhbnDs,454ad3a4b91e8a983838d8909b5c875e320eb3600698b97f919e8f7a,100.83704211271244,408, 3
BDZQuTJTQ114PrW3M1ZVWSV9KLQRJGXcBC,64e37562f190ae58127b0b81492ee62cfab836a67717a6a199af71ca,100.83704211271244,408, 3
BH1RNLmM6vLxsUBSvpVaGjqEudSeR8gjBi,6046c5e3b85ccd994f368ab6d48da404b66414d44b0aaf23e07a518b,100.83704211271244,408, 3
BHPUDB6c65wm8CsqsFHuXUU1wR41YPPbeC,9d20ccfcbc31a46629c91bd09c3dc4b89e7870e2bac0fa2d58cbb231,100.83704211271244,408, 3
BP5tZ3aWJAyZg1NitxYGxE3936djZzpKrz,6046c5e3b85ccd994f368ab6d48da404b66414d44b0aaf23e07a518b,100.83704211271244,408, 3
BPb9JhDpgy4u1kv4p8zkrytxwjNEjnGDpM,b7c4ddca8df8e86febf58e84388a7a1de08afd69bdbdd9456fab9b4f,100.83704211271244,408, 3
BRWCMZ5k2LQwxcw3TEwNSc4g3AEd6rCN7D,455d58fabc17c64aa96854d60272aac044b8547632a7ba0e7545c2a6,100.83704211271244,408, 3
BSTcNTGmqC9WZpxQCypikMFEUv2VizMq36,65d569cce3ff9964ab5f4be91ffb2a11f7d7c9c16793a204aed7fda2,100.83704211271244,408, 3
BT8diKJa9zTPJPvxB81u4EwmGtwjWwnfj9,b7c4ddca8df8e86febf58e84388a7a1de08afd69bdbdd9456fab9b4f,100.83704211271244,408, 3
B4ponXbfCigqTPuP8JXzuqGPMUpYc2pjpH,37d5b264986b09394746485e53fdb87bafebd316fc34069e0e96b92c,100.09559327364838,405, 3
B5ujJLWHoPkMY1mFZcNCvbHcCsVMPoLGcr,f52555a4c506b23fcb34935adb245b33f4cae3537d995f47211dcc62,100.09559327364838,405, 3
B7hNtDewPRB28c6pCmbBA7ZL4igh23mp9n,2614472ba8cc4448230318b2b849bcaa8c714e8fdbfffa33cec385e6,100.09559327364838,405, 3
B9JnTs4VcWbJg44azWGuCnVpUbd2ftecqD,e557cbde04f5d4cee458518a2928ac8b59f1640a8d3999105c0fd7ad,100.09559327364838,405, 3
B9iB2wiUCwFdypncFstjV9kPoruzsF9BoX,21469f889f1725a1682b80fe6f76ed59caf5d3f8c1111edc7680caf2,100.09559327364838,405, 3
BLPrtCBEze7GPAReHN4aSTZ9jUHi1GEF1i,c50fb7c1b763c2bff1daf1d678941ba8e61066a1feba27660a120033,100.09559327364838,405, 3
BN2TurPmf9fHaP9TFbqdViVw5TqB8pHqLq,e81cebb60948a865fbe250f93c37085d239220362b85d2e465d1ec2f,100.09559327364838,405, 3
BR2ojQNDw17R5rtLH6NnsKu95EGDqYoRQM,a6e8b8cc5fb4d6aed794b71288e50ea16f0580df7b71d91671309b4a,100.09559327364838,405, 3
BT5yZea4WnrjuWRy28gNdRCTw3aN6tDVSJ,5615f818693f67c5f24c6cbb7f03600fc5c82f59607ecc678839c275,100.09559327364838,405, 3
BTjwxssqLMQV1RMoVj1yKExFNAxvVqsiCu,9ca8b0a3a809ad8feea2cbf6f778f2e813f357756c1fd0efb629d520,100.09559327364838,405, 3
B5AY1k1CWYhXNq8JJjd19Hma45HWKEM7QQ,13c711d6fd2e8f5d69e25058b11a704112bba4afac5f321bf3332fb0,99.35414443458433,402, 3
B79TEWPJgFH9CzK3D1v4zasqvpKjNqpp6z,25125e9bb305fafd51ceb2858d355f77da99550b933ec0923cd156ff,99.35414443458433,402, 3
BFVQaoFRx7GXg3ASTPkeJR1vvR5TPvy6Hm,454ad3a4b91e8a983838d8909b5c875e320eb3600698b97f919e8f7a,99.35414443458433,402, 3
BGS3vRCBtoGRCJNM8FP5YejMVT6HSSP6zC,f3343c459930f6b3cc948d6336b832829ac6495db50ae0440953c2a2,99.35414443458433,402, 3
BNhqBYJyGwREjTb5sr5iyb9zGsL5okih1m,cdba4e63f3925fec712987e3cb34cbce51a5d127a207537294bd78da,98.61269559552026,399, 3
BSx7sexr5i8xrgPK1wGk5Cv8kzoBtbKLpB,6046c5e3b85ccd994f368ab6d48da404b66414d44b0aaf23e07a518b,98.61269559552026,399, 3
B9VwpQ1xwctX3tXeek3Y48z8Vy4hxSwiTg,9f244427a636a8f09d318ba338fb3ca087433c6675c2bdd8009915a7,97.8712467564562,396, 3
BCzpRYYbxnXcyyXbCQDT7QysNWivU7dFNF,454ad3a4b91e8a983838d8909b5c875e320eb3600698b97f919e8f7a,97.8712467564562,396, 3
BGs9uKax2B4xzQQcd4a4YQxV3G6juSvS4v,65d569cce3ff9964ab5f4be91ffb2a11f7d7c9c16793a204aed7fda2,97.8712467564562,396, 3
BLrQfR7QpGmzVKXkdB4Sp73sKRrCuCVByx,25125e9bb305fafd51ceb2858d355f77da99550b933ec0923cd156ff,97.8712467564562,396, 3
BMnh5v9aCcJDQ6JicdR5dQwnAFYFSuKDQC,25125e9bb305fafd51ceb2858d355f77da99550b933ec0923cd156ff,97.8712467564562,396, 3
BMw4Ud2dknn2JXSG9ibL2XVzCjeKVg1mSL,4e5430231225caf89ac96eb6e79502f837c6c0e576a2972b533d25de,97.8712467564562,396, 3
B6LkihQaJtwRWSc4yUk974Qjt8u1UHHCiv,36c59c7780546179d7f80729e1ccc3932260b849bc519b2120074169,97.12979791739214,393, 3
BCLxPQyGkYcZmXZL1neHRyp4RJrw7GfYkT,76a5ac702856a627f99a2e192c121e83fcad7f05beecad685ff88c67,97.12979791739214,393, 3
BGb4vsbCtJhtcZrPBt4yGSTnunEzFMUKV7,64e37562f190ae58127b0b81492ee62cfab836a67717a6a199af71ca,97.12979791739214,393, 3
BRY5qbjDfnuX5rQJnYqtmdjGVWnmdnFG73,ff0fa1920a60f265367e04f8615e5402a4c75c48e92b44199b335b13,97.12979791739214,393, 3
BT7Hejxwwm1H2wzqWv8ekgtFd1nJ3LSxsb,2e892da8f6af3187c349a03358598f77b84384f9131dca82ddaeff1e,97.12979791739214,393, 3
B8XHvCVo9yFtPyPvXm5vdnJ716PmM9Zcad,3099867397886718a5d9e5d9122103ef9a6df2a5f569256d188c636e,96.38834907832808,390, 3
BCQu5HaykwUZwnDFVzSiujdLZAbtZXkkLZ,9c4091a995a6eb34ebd1760cb599eff7ab6f0e6ffde17c575dafe658,96.38834907832808,390, 3
BNf9u7eAz8SnmGW4cJ2ertgzH9d5LVsDU8,0899112e0285439edadc064c72a6fd82c41602b31d4c2e4aaa992251,96.38834907832808,390, 3
BQujQUJ5yos1UXuVpfpjUTRPQaPidR1fRF,c50fb7c1b763c2bff1daf1d678941ba8e61066a1feba27660a120033,96.38834907832808,390, 3
BRKeMpp7F2XvNynF5VCeiFetUo5P1eZXQA,c9a66615811e59e4c90507e1a032fab5b3ce7fb2e1e32723499299df,96.38834907832808,390, 3
B9dvhvNJhwnyXBqcxRCMw2TpmUPrm8yRTY,41805ee8d861d1a3829193f37cacdec8d11287e332af4fd08a6be1a7,95.64690023926401,387, 3
BAjyXk3xthnkSg62oBexHrbiNDTfBTnHcd,25125e9bb305fafd51ceb2858d355f77da99550b933ec0923cd156ff,95.64690023926401,387, 3
B9W524VrrbV9sXFyrtdhfU5ZTgiHfSqH5s,b7c4ddca8df8e86febf58e84388a7a1de08afd69bdbdd9456fab9b4f,94.16400256113589,381, 3
BARHfkWRWnsRgPmxG7fpobEL4G1wBz5rNn,c50fb7c1b763c2bff1daf1d678941ba8e61066a1feba27660a120033,94.16400256113589,381, 3
BRyFAeanrYpGCGRG2pdFqM4BcSGK8vKTLb,455d58fabc17c64aa96854d60272aac044b8547632a7ba0e7545c2a6,94.16400256113589,381, 3
BSzPLnbUJKkYBYe62cVobcqg7nVoirw3tv,054c42fa4d7fdd53b8cb40838a671e4e6bea3d4b19655d705be86b11,94.16400256113589,381, 3
BL7hQ1aUhxHgWvEHNqs9fBbmFZ9LHLBdSd,e31488ec1a2283014a3b6973501f7b1d51ed298bf08f994051ad1f22,93.42255372207183,378, 3
B9hebEA9ySTEBnVkkS1hgfuRj14weirWQ4,6046c5e3b85ccd994f368ab6d48da404b66414d44b0aaf23e07a518b,92.68110488300776,375, 3
BECFsmo6vBPfTbn3sDswCAzkUgXa32L8QS,7cfaa2481614d4c1f9c0c2585f4eabae6533f6ce17c2c2e79d6453ec,92.68110488300776,375, 3
B9UYaGJJmfT2CNnQE2cAPyAKrkHsxbGP27,1e270dd6ecfbea07c760ae4b9b6b70f6cf75ae8ad4336a8e6d3a21d0,91.9396560439437,372, 3
BCodcDCmRuKeZGaZRYm6TUFZDDPZohigQX,991ad7c8549e7c0f786726fddb4adb7383c747a51c655a1f8d2798ac,91.9396560439437,372, 3
BESZ9S2htikoueHEUVYHxVDusXg8mScPuJ,dabdd558c0a606eb12c64bdac003a3b8556d940e3fa156ec9414a1c8,91.9396560439437,372, 3
BNN2c4V58g4P2paMy8KU85BoFmXyJbs4Qk,e0a4253944808d457ff2476b02f31a9bf1e04d985b51a00add67d01a,91.9396560439437,372, 3
B6GWxYSHd2hLx4Y6H68c7Dd4PFn1ogKJSq,c50fb7c1b763c2bff1daf1d678941ba8e61066a1feba27660a120033,89.71530952675151,363, 3
BLheYRpm5MtU149JvGEuLaPAEQppmqHYFZ,dcdfb8405f3e403cb4e46eb86c95c3364ffa827811b4ef45d6b5ab39,89.71530952675151,363, 3
BGz6zANczHLfMA9ijoTQ5R8EneXB2b1Uob,5661a96bbcbd64f32104ea84a4f19cd50bda18da08004d7658394647,88.23241184862339,357, 3
BK7CftFRNCXvfFuyLNWED4dymfmurVuRD6,9bbda4beed49bb5b045d53a7d9d87b387f2d02ffdd9e63c679200427,88.23241184862339,357, 3
BSrrvpz767xF1K6E47MfR4qbNJF9Rggmoy,2e8fbe3119115f19a8a09bc73809b928b589c024d4054b255d8a51ec,86.0080653314312,348, 3
BTn6QCDoo9zKH7L4DtyTFWTTPZS9Tz47T4,21469f889f1725a1682b80fe6f76ed59caf5d3f8c1111edc7680caf2,86.0080653314312,348, 3
BMebqhzXmiNEtz9x1E9ap2rE8CwBnr8fAu,c50fb7c1b763c2bff1daf1d678941ba8e61066a1feba27660a120033,85.26661649236713,345, 3
BBrV1VXnxGnHoXm2JkmgTq3u4nY61v1Jrb,c50fb7c1b763c2bff1daf1d678941ba8e61066a1feba27660a120033,83.04226997517496,336, 3
BCQ2uiJpkVsErqh7pbCRdLa2VuMdh1UNdp,78d902f69f76b40948c2a6998de48c316dfde58df7d19fd63aaed261,79.33502577985465,321, 3
BDuBkpowzXsS67Kev1LtQeTvEu7W3JYwnA,d244e6e190969bae099cf994bd8d5d1cbfeb1e741092ad48313404b4,77.11067926266246,312, 2
B8XprVDA2j1YgACQTyd3DzS8s91Y3J2oqe,6046c5e3b85ccd994f368ab6d48da404b66414d44b0aaf23e07a518b,72.90913584129945,295, 3
BDGyneQJpNk4QCznrxqcKe84EaK7ckhmuY,af06338fdbfc53574b7c81c96f01e5a29396edc75b08845cc4e38ca1,72.66198622827808,294, 2
BDvBPJVwVN3iJUFP2dQ2ocvcWDcKEz9qL7,9402b6f15260e7a9a3f8ffc4bd3ec536daf10e0fbc3959d9eb6bce1a,72.66198622827808,294, 2
B7HMP1DZ4KzM5ikC3k5yuitTQiiEENz725,aea6d9acd93150872e050ef2336f143591d9b1ca9d4c475471f7fb8d,71.67338777619267,290, 2
BCdkFmMMvFj16ceSgJTA72Kt9KcDeNVQH8,cc2e4d2ef3164da4ed5c92cd382367b5215a40e2bd55941f279ad0b0,70.19049009806454,284, 2
BPnbwfQk6Sb8BJnEsUfALQqGD3kFU5HX6r,82669d710495ce60787bf5ecd42f3fd1a9b24de69cfa38ca00676dce,68.21329319389372,276, 2
B5uJi4xi3FzT3dwykMcuny5B1tWHW7ihyk,52045cea2060496392fb94d21a11c8841b5bc8f0f2e2477053d880b4,67.47184435482966,273, 3
B5n84pXpZdtoNDhhcauj8CF4ZvLEEUh8YC,d72819228c96f4fafa79439ecae62f82e90fa56a2cd47e141ccf832f,65.98894667670153,267, 3
BTGoqe3Fp4zL3FgemUjAoSpnoLPHLM3d2t,8a78988f11ba7ab48fe68d9892d7b94d15f446838318be855a8e953b,65.74179706368017,266, 2
BFfQ5oH3MpicwBAVJifG1RBvFHdy5XznxB,91e641c118ca20ec4e5d05963c73cdf036e66b533538a1a5833df113,64.25889938555204,260, 2
BTEJnVHZgyns3poQN2pWNWfNG4EiweEhxj,4ffe153790372625b8ac6f07c0a1c69fe70c6bb7f0abd7bdd430196b,64.25889938555204,260, 2
B7FuvS25Koc3ZpGw4N85N9NmTnzVQ88piV,37d5b264986b09394746485e53fdb87bafebd316fc34069e0e96b92c,63.76460015950934,258, 2
B6C2DjrGW9ZJfcQ6vbJ9r8B43K1PoTDjPa,cb106fc75f56b06d11f80486dc09a34ee0b362daa11eec40bdb1e46a,62.28170248138122,252, 2
BDn8AtLk3WdRjWTHxxyvzFGu9SBZrxHtoU,ae07719e9812123112a35cb31b687492fce1d6da040fa8eda0904b65,58.82160789908226,238, 2
BQ6H8SFzHEcvr12V1ghdAZcEDhtkKV7b5B,030086f875a2cf596874a022b569050f4a1d076bbbe87420bc4765ee,56.35011176886872,228, 3
BEFb5XnpDRtVdR3CYoUsv12199QK9fnA8T,2d8810abd7c4b5c165686f2a4615bccfd4253f4667ed1662289dab7c,52.64286757354841,213, 3
BDAEz9mMywrWbhuwn3rLPUvwFd9RHmDkRB,42216d32fd2d19ebddae9964fb1322bdbb6b41f06a1f01f36898d0f4,51.901418734484345,210, 3
BAcoFoFepMNQmno84nEDeuJVS9NpB3TEiu,030086f875a2cf596874a022b569050f4a1d076bbbe87420bc4765ee,46.71127686103591,189, 3
BMij49CN8V8KxbPWnebLuNe6itvmj97TVB,b474813e09e21b28d5df2cd4b12eb0fb116d109994c354a6298b54f9,44.486930343843724,180, 3
BSqVVLdi8YvQV78D2NNCbQN7dUdoPvmqt2,7f701ec3c776b9769bea6e5f64c0efa49f7a5fb93875238cb9e3f2af,44.486930343843724,180, 3
BD8w4gsktuhebAwnTt5pr4VB6dDH8LeRJr,cad464c9823d3211ffcaa201a7c2eccd6b0a73b63531d9bebe062544,42.26258382665154,171, 3
BCg9FR2rio8qGnErEZQwBuzdW5NYKHNo59,d6b105bab63c844623d06c61022335eb73b53a435addf92ae3d09c8a,40.038237309459355,162, 3
B5resXxHrDm2wmhWUw4uajNNUbe9AT6WYh,274695f9006334363732f1eddc4e24b0ff0735b67673981f12d48c08,39.29678847039529,159, 3
BF4Wc2N7bcTHcurZqurLgJqNRBdjRgV9UE,066366831a82e3d6e245aeb7a695826d0f0311ab57d0bef26eef2199,39.29678847039529,159, 3
BLuwnEK9UdB2kEiLQKLnDrmVZixSYHiKZs,77b14edabce33458b6a458297af141382701edf06e3ea494a12641bf,38.06104040528852,154, 1
BK6KuEe27Xu3PL2xwXUQpKVaxEEag4wYrN,22878bcfaf38c1cfc5bd2d15cdbfd6063fa51e2f8ead4d8709d470a7,37.31959156622446,151, 1
BJo7CQk9nwnHqbtHYU2onLaW2HzWid7AEW,2d2318305562e2339554aaaf199150e34f79de5f2ac57b53db55d00a,36.5781427271604,148, 1
BHVGVAmYJEaLckw8LgK6mRnrXj9sow35tj,3a3ce4220e7fb1748426b8b3b292e0e9b69193484e1c6d5c79b39942,36.33099311413904,147, 1
BMCtpRaoSK2UTF16xaEEpA9xdH7iszuDMy,42216d32fd2d19ebddae9964fb1322bdbb6b41f06a1f01f36898d0f4,36.33099311413904,147, 3
BNNeG7GwcRVdxaCo1s7sjRoWr9ZzdjMN1n,51ee19251c9e79ed14aa117417224ea5073f6ab1a2a40ac36422b207,36.08384350111769,146, 1
B9imVu9K9WyvUR1DhYEfSDHtJN5omMvGWq,b7b535dc35d62b5adc0b7e1f302b0f737018f3a1aa8ed3bedf2bb248,35.836693888096335,145, 1
B5AsJAufXuZj6JWfd7SfUcKpNVjMFLyJHW,c751c0650c44086d782a16677eb1476e9d5c43c2db19d80b1a942e91,35.58954427507498,144, 1
B61JCjBVvrfoAiGmEPPDfgn4r3BdmSRKGq,53ad22a29dde5aa7cfffb828a6d214e292315b36c41aeed4dfbffc6b,35.58954427507498,144, 1
BC9ENzAf1TsDaNCLfRsMPdZyv6YqMeAijP,d2f59465568c120a9203f9bd6ba2169b21478f4e7cb713f61eaa1ea0,35.34239466205363,143, 1
BSAxZ22agJMDdWKuoS3KwTSgudjh9e5DNx,aef4759ee40d5198da10c9de53d466b58f83831d825ef26995fdcb80,35.34239466205363,143, 1
BMCjK4Ah3z1bAStM6EVUP8oNe7dRu2NXCN,0962ee1078a907eb8f04a3d6157fee2f5b694de900ed37e833f805a6,35.09524504903227,142, 1
BF5Jv8T8nHXwFtQUyPfdWK6rFXYFzFYr7m,56b66639821d446014190d2455939107e437218437b72f38602aaddc,34.848095436010915,141, 1
BMQAxjrw4jAJHSW9u2aujUrYvofxX9qWaa,5cba6c791f75b060a79b06f1faf98fba650476aa21f28417113cc3b3,34.848095436010915,141, 1
B6wVm58LX2cCAu9rX2NYyjUqe76Kz1ndrz,5020677a92960cef66afd4b2f36444a204a579f8d0d8a55a3e922974,34.600945822989566,140, 1
BBeK9gwZAhFx6UkWLn8FV8Jf1R1bVMWAko,20d5546f80818f3868d736a37e26fc0318b9651de296e0ef4ea706c1,34.35379620996821,139, 1
BNfeEzLp3x34fkiuNUyZjaguTGeKPYBaSc,f132fa0e246014e4cd3e8828dc25e23b155098ec61a18e67f416f4f2,34.10664659694686,138, 2
B5xwGy2tnv7uXko1LNRg5cKb3gRm1Tqz9r,2e008722ee36cbab11c3ced3bafe11762a0ffc67058660324f156438,33.11804814486144,134, 1
B9vMRhtXdgDP17PpAUcPRTqtE6m7nCWcrc,8cb5c5c54f616f49df2e1f9f0e8bd5412c4c199d511cd214642a1367,31.635150466733315,128, 1
B6xoqYhUHLYS74UhSokz6MQ9G4PR9fzXzM,cfb5cf13bb1f17cdfb9de0a5a78825065057e268853da145d888ca90,29.657953562562483,120, 2
B9sBXDzvQfc8nGbW5iHHBhu5Y1PeSngKed,5b134e43e75513e3a5dcce336548e3b2a59d0432300f6ddb74bd8459,29.657953562562483,120, 1
BSh96htaztqvmaV63LSANVamnmBU9T8Azi,3d4bc0a636ff0cd7393701da4f6d22e7fd665c421bcbb9cf23d95abc,27.186457432348945,110, 1
BBQRN9yyePfeixcSPjWLX3aFkfRusznSX7,b7c4ddca8df8e86febf58e84388a7a1de08afd69bdbdd9456fab9b4f,26.692158206306235,108, 3
B7EcmF36kBPSwufKRDBoeEKFdR6d1W8U49,2a0cf63dbf083f1c1f64c0c690893a5e6c98e3959b4a68df8c285625,21.254866719836446,86, 2
BTjPVXf37jWDM3LrYztWbv3ZaoCyyrAw4y,a1502b3ce6412e87c131cb7bbd55064f7110d0107504c32437899321,19.277669815665615,78, 1
B7oiHLH9SgWuiyNyb7grzTTdYeeUVPcBxH,8006b0561bcf664b5380eee2d9a5534cd470459fa0337fbe3437d758,19.03052020264426,77, 1
BEtmzhEB4wKo7Jy78oKySLxvpp8PmbeMmd,c1f5ca2761fc8ae72989ca59288840543997ebd18f43ea85e700eb8f,14.334677555238533,58, 1
BC9WuK444oHCGUqP9jkCwKMUGxQCQqqdWp,7595dee85c82d51df1e6b327fde46d1c99aaa3d54b778a7ae17fe179,13.840378329195826,56, 1
BBP5bKAegcJy8oXS7vW71xE1Ys5YUJR6Br,7c0540565037e245335dcaf8145e82b41633cb818886161ad964b48a,11.863181425024994,48, 1
BRBTeiiwbNveBFnHZhjTGT9DerMSVknKC1,522bd1e21e0cf2709b7cddb824ed7179feb00c2b5c75f11b536950cf,6.920189164597913,28, 1
