address,reward_address,reward,total_weight,weight
BTTSrssmq2owkm299Yq4AVtVTfatKZLUi7,c50fb7c1b763c2bff1daf1d678941ba8e61066a1feba27660a120033,360.89312977099235,6, 3
BTGoqe3Fp4zL3FgemUjAoSpnoLPHLM3d2t,8a78988f11ba7ab48fe68d9892d7b94d15f446838318be855a8e953b,360.89312977099235,6, 3
BRBX3Vb5qmzwU6j9tZVxvYMfNJXtXzwMSS,c50fb7c1b763c2bff1daf1d678941ba8e61066a1feba27660a120033,360.89312977099235,6, 3
BQ9Pb9coAr9n9e6ANGbke3cssH79WRqsAg,c50fb7c1b763c2bff1daf1d678941ba8e61066a1feba27660a120033,360.89312977099235,6, 3
BPUuM4yc9TcD2Lw1oSaCBjefZ843R2Foxx,Bis1Lgev7fKKSMK8GtvmxQ6axoAqU9AC1bciE,360.89312977099235,6, 3
BMzW4VRUrsHUKtj3e2W2RXG6etE878orqd,c50fb7c1b763c2bff1daf1d678941ba8e61066a1feba27660a120033,360.89312977099235,6, 3
BMhvzMsCuaASs2uKgN3vJLVf1VVok85A22,c50fb7c1b763c2bff1daf1d678941ba8e61066a1feba27660a120033,360.89312977099235,6, 3
BMEpDsDjBGsMMCEFcCg62swJ5qJUpDXr5x,c50fb7c1b763c2bff1daf1d678941ba8e61066a1feba27660a120033,360.89312977099235,6, 3
BHKkvtvtB7b4KNTPe98UHtzJf4MmeCnVqc,c50fb7c1b763c2bff1daf1d678941ba8e61066a1feba27660a120033,360.89312977099235,6, 3
BGqPe29RK1S9g8wV61UL5HGTASYyqsa1F2,c50fb7c1b763c2bff1daf1d678941ba8e61066a1feba27660a120033,360.89312977099235,6, 3
BEzEb6Q9iymC7CpXEcmZXgbpCVrxMdT3mc,c50fb7c1b763c2bff1daf1d678941ba8e61066a1feba27660a120033,360.89312977099235,6, 3
BEohUNgPRobQdP53noyJPhchafrEHo7a8h,c50fb7c1b763c2bff1daf1d678941ba8e61066a1feba27660a120033,360.89312977099235,6, 3
BDkqQdGKnotSaoNiVrpdFt98bdcXzEg5YY,c50fb7c1b763c2bff1daf1d678941ba8e61066a1feba27660a120033,360.89312977099235,6, 3
BCifXdaFovJJ8ATaWpp33AiqQCXVUF94xh,c50fb7c1b763c2bff1daf1d678941ba8e61066a1feba27660a120033,360.89312977099235,6, 3
BCSUAnfkBZLYaujSZvFAZ6eTGEsBpERuwP,c50fb7c1b763c2bff1daf1d678941ba8e61066a1feba27660a120033,360.89312977099235,6, 3
BBbttFDURTMus31NHUvPYVyjE36nz4LVde,c50fb7c1b763c2bff1daf1d678941ba8e61066a1feba27660a120033,360.89312977099235,6, 3
BAnXHvt9Sw9dKi9LANPjvGdN5TGqVpWq2n,c50fb7c1b763c2bff1daf1d678941ba8e61066a1feba27660a120033,360.89312977099235,6, 3
B9tyd5kUninvuBsQKvsMLiVskLV2mp5tL9,Bis1TuBsovjuRTEP7C9wuHgp6A4ic8D7a75fD,360.89312977099235,6, 3
B7jxykCyk4SkDHy6Rvt4T4czKXjE8G6a2p,37d5b264986b09394746485e53fdb87bafebd316fc34069e0e96b92c,360.89312977099235,6, 3
B7H2PQng8EX7o9jPrsgrDswxhHtbVsGQUn,c50fb7c1b763c2bff1daf1d678941ba8e61066a1feba27660a120033,360.89312977099235,6, 3
B7A3oEafbPynU9JNn3Uv3JvzQL8uaB4mHo,c50fb7c1b763c2bff1daf1d678941ba8e61066a1feba27660a120033,360.89312977099235,6, 3
BTimgssivCzDANxynGy5vWWokwyoPEiFCQ,8a92cbbb482843587e1ef46b4836ed2a916e25fc97889f6dc499a782,180.44656488549617,3, 3
BTfzZkgXzUU2Tef9y1vN7NGfmezHCAe7hT,c50fb7c1b763c2bff1daf1d678941ba8e61066a1feba27660a120033,180.44656488549617,3, 3
BSqZACJSQ2izBa3ZeNKQqVFxYN15gxJqSt,c50fb7c1b763c2bff1daf1d678941ba8e61066a1feba27660a120033,180.44656488549617,3, 3
BSioXcoMy9tKfc9cryEBnosGxgFSTznF7s,c50fb7c1b763c2bff1daf1d678941ba8e61066a1feba27660a120033,180.44656488549617,3, 3
BShx8ooR4oBgi93kDzWmmY2L1FveTjo35E,c50fb7c1b763c2bff1daf1d678941ba8e61066a1feba27660a120033,180.44656488549617,3, 3
BSerWsScquqp38w3PAVN9zD52V1svUbrJs,c50fb7c1b763c2bff1daf1d678941ba8e61066a1feba27660a120033,180.44656488549617,3, 3
BRqRMFwQcQDy21omq99GrjTZvf2qcGiuPK,a1d64aa969a5fcb17141d692f3bd3d98613939f641d527eda110d774,180.44656488549617,3, 3
BRUu7giWKrGy7xE2CbNnnSmuMfbWBeisjx,c50fb7c1b763c2bff1daf1d678941ba8e61066a1feba27660a120033,180.44656488549617,3, 3
BRUsFqB9yyeeUW2x4ZM8uVJmPLKtnkjGCq,c50fb7c1b763c2bff1daf1d678941ba8e61066a1feba27660a120033,180.44656488549617,3, 3
BQbWjzoRSYHMzLckCDvzys5pGQDTB1Tsie,c50fb7c1b763c2bff1daf1d678941ba8e61066a1feba27660a120033,180.44656488549617,3, 3
BPm9qSR2JhXjX855QdRyZp3rJbTBs73qrd,c50fb7c1b763c2bff1daf1d678941ba8e61066a1feba27660a120033,180.44656488549617,3, 3
BPboCjeDbnDAg2pvMu6qRfeT532iSLXzvn,c50fb7c1b763c2bff1daf1d678941ba8e61066a1feba27660a120033,180.44656488549617,3, 3
BNEoo93JTwkdxBDgVgCnLeahLnQS4YBQ4W,c50fb7c1b763c2bff1daf1d678941ba8e61066a1feba27660a120033,180.44656488549617,3, 3
BMbz5Za8g9MbKBNCkKU5KS32WwRLcmnrEC,Bis1ctnKxRYxyiPm6DPECpe9X4hWVkPNSsagj,180.44656488549617,3, 3
BMTz99KpEqWwFGRFZMAAUPZQvCiUtyxVqW,37d5b264986b09394746485e53fdb87bafebd316fc34069e0e96b92c,180.44656488549617,3, 3
BMFyfUL1ZHGodbWjrEMgDmh6QTQZY39NnL,c50fb7c1b763c2bff1daf1d678941ba8e61066a1feba27660a120033,180.44656488549617,3, 3
BLL5zgWz8QGgUmcHWSqENCGD7JMHCFQPvJ,c50fb7c1b763c2bff1daf1d678941ba8e61066a1feba27660a120033,180.44656488549617,3, 3
BL5p1btLYwXaMYmbgtZbmyPkFuF2yBM4UU,40d4401ff00a6a311e9672c11b806613da4d4fe36627b9d5770a5d1b,180.44656488549617,3, 3
BKdZ4CMUVaqgfoL6ZjMKavwsxgLWa36yts,c50fb7c1b763c2bff1daf1d678941ba8e61066a1feba27660a120033,180.44656488549617,3, 3
BJPEeQ919TFndd5awVn8VHnPec7SW2zhbd,c50fb7c1b763c2bff1daf1d678941ba8e61066a1feba27660a120033,180.44656488549617,3, 3
BJ92Rz9A3iTLUhAXX4ELv17hvnN3UZhhy6,c50fb7c1b763c2bff1daf1d678941ba8e61066a1feba27660a120033,180.44656488549617,3, 3
BJ79HKMebqSYb57vzAMYkKdVZz1e1qzaCQ,c50fb7c1b763c2bff1daf1d678941ba8e61066a1feba27660a120033,180.44656488549617,3, 3
BH1RNLmM6vLxsUBSvpVaGjqEudSeR8gjBi,65d569cce3ff9964ab5f4be91ffb2a11f7d7c9c16793a204aed7fda2,180.44656488549617,3, 3
BG2bp6A4UW1sNMawcSHUvr7WYQZDj9nqxZ,c50fb7c1b763c2bff1daf1d678941ba8e61066a1feba27660a120033,180.44656488549617,3, 3
BFsG5toozPpWFs9q4nqJTGCpxyots5Rueq,c50fb7c1b763c2bff1daf1d678941ba8e61066a1feba27660a120033,180.44656488549617,3, 3
BFoaHVtQ1fTusrW43mMcovU8PyCzGu7MdJ,37d5b264986b09394746485e53fdb87bafebd316fc34069e0e96b92c,180.44656488549617,3, 3
BFfs4czW1gmKAHgozG2HW6ypx4eTXa11if,7b024421dddd7386b330eef8ba29aad7c760218f02eba7c14f0e2974,180.44656488549617,3, 3
BDAXsLFUN7G5teqTVZ7DsnwhLALHYBFyi1,c50fb7c1b763c2bff1daf1d678941ba8e61066a1feba27660a120033,180.44656488549617,3, 3
BAkdx9vZYrJ1xee8q9AckR6FVp91oiMdPX,c50fb7c1b763c2bff1daf1d678941ba8e61066a1feba27660a120033,180.44656488549617,3, 3
BAUvYokE7fj4dEpHMSPAsNocWXTGiTYqUg,a1d64aa969a5fcb17141d692f3bd3d98613939f641d527eda110d774,180.44656488549617,3, 3
BA4HjYh3dCCw8ApZ89R8HKZq3EyGnUH5LR,c50fb7c1b763c2bff1daf1d678941ba8e61066a1feba27660a120033,180.44656488549617,3, 3
B9VyBgtmM72Ly6ACcLraqhWh6kEC4UEcJ5,c50fb7c1b763c2bff1daf1d678941ba8e61066a1feba27660a120033,180.44656488549617,3, 3
B9K5Kgu7e1YHHmxc3JNUF2RjKbn48pZ4Pd,c50fb7c1b763c2bff1daf1d678941ba8e61066a1feba27660a120033,180.44656488549617,3, 3
B9CLaJYgKiGcCAEsHKscsjFLpp689PjUsa,8a92cbbb482843587e1ef46b4836ed2a916e25fc97889f6dc499a782,180.44656488549617,3, 3
B8XU7XQ8fk2Zkbj2zEqJ3s9B2ysWpndGAY,c50fb7c1b763c2bff1daf1d678941ba8e61066a1feba27660a120033,180.44656488549617,3, 3
B8EqgevpLPgV6Hbe7ys3ugjkbHDNnu3js1,c50fb7c1b763c2bff1daf1d678941ba8e61066a1feba27660a120033,180.44656488549617,3, 3
B6buvQbmBxVJL1AYa3gWPoAX14fW2PrsMj,c50fb7c1b763c2bff1daf1d678941ba8e61066a1feba27660a120033,180.44656488549617,3, 3
B6b5PJtmH7rDFFY7Qzyh91zwmMnRudi4UH,c50fb7c1b763c2bff1daf1d678941ba8e61066a1feba27660a120033,180.44656488549617,3, 3
B5YjTrKRBbTP89xssWmksP8qxmqzqkMk8S,8a92cbbb482843587e1ef46b4836ed2a916e25fc97889f6dc499a782,180.44656488549617,3, 3
B5GE5Jmt6YsJvhoy4gGdsicGPGZBasa86Y,c50fb7c1b763c2bff1daf1d678941ba8e61066a1feba27660a120033,180.44656488549617,3, 3
B5A4EuUoGQzjM8AXyWL7155knHRCG3gecQ,c50fb7c1b763c2bff1daf1d678941ba8e61066a1feba27660a120033,180.44656488549617,3, 3
B4nBNx229LknU9LJNtX2QV25yqZRw3SAGT,1cdb71bd71efa771b6a6c82d6206a35ca12c3b128fe3ae9cb0183aaf,180.44656488549617,3, 3
B4keYrAcKAQrNhN4kLfATdqesv16AJUKDT,c50fb7c1b763c2bff1daf1d678941ba8e61066a1feba27660a120033,180.44656488549617,3, 3
B4ikFjAc7ikboUtswcA9Puur7PbBFMNaD5,c50fb7c1b763c2bff1daf1d678941ba8e61066a1feba27660a120033,180.44656488549617,3, 3
B5AsJAufXuZj6JWfd7SfUcKpNVjMFLyJHW,c751c0650c44086d782a16677eb1476e9d5c43c2db19d80b1a942e91,120.29770992366412,2, 1
BEthhbymdZPKtfCTyEgwqfzoUi3M2Dqkjr,Bis1PGTBDNezvbYfPWBJ3hsUHfqgrMjbhdqFb,60.14885496183206,1, 1
B7cBkHNsJfrQ2FH28PwMx1rhu1ahtrdS3t,Bis1PGTBDNezvbYfPWBJ3hsUHfqgrMjbhdqFb,60.14885496183206,1, 1
